Detector,DATE,TIME_24,HOUR_24,AUTO_ID,MANUAL_ID,Count,Bat_ID,Distance_m
Bauman_01,7/27/2019,4:30,4,EPTFUS,NA,1,EPTFUS,0
Bauman_01,7/27/2019,0:41,0,EPTFUS,NA,1,EPTFUS,0
Bauman_01,7/28/2019,2:33,2,EPTFUS,NA,1,EPTFUS,0
Bauman_01,7/27/2019,0:41,0,EPTFUS,NA,1,EPTFUS,0
Bauman_01,7/25/2019,23:01,23,EPTFUS,NA,1,EPTFUS,0
Bauman_01,7/27/2019,0:47,0,EPTFUS,NA,1,EPTFUS,0
Bauman_01,7/27/2019,0:49,0,EPTFUS,NA,1,EPTFUS,0
Bauman_01,7/26/2019,0:13,0,EPTFUS,NA,1,EPTFUS,0
Bauman_01,7/25/2019,23:02,23,EPTFUS,NA,1,EPTFUS,0
Bauman_01,7/27/2019,0:50,0,EPTFUS,NA,1,EPTFUS,0
Bauman_01,7/25/2019,23:05,23,EPTFUS,NA,1,EPTFUS,0
Bauman_01,7/28/2019,0:58,0,EPTFUS,NA,1,EPTFUS,0
Bauman_01,7/27/2019,23:16,23,EPTFUS,NA,1,EPTFUS,0
Bauman_01,7/27/2019,2:47,2,EPTFUS,NA,1,EPTFUS,0
Bauman_01,7/26/2019,22:20,22,EPTFUS,NA,1,EPTFUS,0
Bauman_01,7/27/2019,23:16,23,EPTFUS,NA,1,EPTFUS,0
Bauman_01,7/26/2019,22:20,22,EPTFUS,NA,1,EPTFUS,0
Bauman_01,7/27/2019,0:48,0,EPTFUS,NA,1,EPTFUS,0
Bauman_01,7/27/2019,0:41,0,EPTFUS,NA,1,EPTFUS,0
Bauman_01,7/25/2019,23:05,23,EPTFUS,NA,1,EPTFUS,0
Bauman_01,7/27/2019,2:30,2,LASBOR,NA,1,LASBOR,0
Bauman_01,7/27/2019,23:10,23,LASBOR,NA,1,LASBOR,0
Bauman_01,7/26/2019,1:10,1,LASBOR,NA,1,LASBOR,0
Bauman_01,7/27/2019,21:38,21,LASBOR,NA,1,LASBOR,0
Bauman_01,7/26/2019,0:39,0,LASBOR,NA,1,LASBOR,0
Bauman_01,7/27/2019,23:10,23,LASBOR,NA,1,LASBOR,0
Bauman_01,7/28/2019,0:47,0,LASBOR,NA,1,LASBOR,0
Bauman_01,7/28/2019,2:17,2,LASCIN,NA,1,LASCIN,0
Bauman_01,7/26/2019,0:47,0,LASCIN,Noise,1,Noise,0
Bauman_01,7/26/2019,6:43,6,LASCIN,Noise,1,Noise,0
Bauman_01,7/26/2019,22:27,22,LASCIN,NA,1,LASCIN,0
Bauman_01,7/26/2019,6:42,6,LASCIN,Noise,1,Noise,0
Bauman_01,7/27/2019,2:06,2,NYCHUM,NA,1,NYCHUM,0
Bauman_01,7/28/2019,23:26,23,NYCHUM,NA,1,NYCHUM,0
Bauman_01,7/28/2019,23:15,23,NYCHUM,NA,1,NYCHUM,0
Bauman_01,7/28/2019,23:50,23,NYCHUM,NA,1,NYCHUM,0
Bauman_01,7/27/2019,21:38,21,NYCHUM,NA,1,NYCHUM,0
Bauman_01,7/28/2019,23:35,23,NYCHUM,NA,1,NYCHUM,0
Bauman_01,7/28/2019,23:43,23,NYCHUM,NA,1,NYCHUM,0
Bauman_01,7/26/2019,0:31,0,NYCHUM,NA,1,NYCHUM,0
Bauman_01,7/28/2019,22:56,22,NYCHUM,NA,1,NYCHUM,0
Bauman_01,7/25/2019,23:03,23,NoID,NA,1,NoID,0
Bauman_01,7/25/2019,23:04,23,NoID,NA,1,NoID,0
Bauman_01,7/26/2019,0:20,0,NoID,NA,1,NoID,0
Bauman_01,7/26/2019,6:44,6,NoID,NA,1,NoID,0
Bauman_01,7/26/2019,6:44,6,NoID,NA,1,NoID,0
Bauman_01,7/26/2019,6:44,6,NoID,NA,1,NoID,0
Bauman_01,7/26/2019,6:45,6,NoID,NA,1,NoID,0
Bauman_01,7/26/2019,6:45,6,NoID,NA,1,NoID,0
Bauman_01,7/26/2019,6:46,6,NoID,NA,1,NoID,0
Bauman_01,7/26/2019,6:46,6,NoID,NA,1,NoID,0
Bauman_01,7/26/2019,6:47,6,NoID,NA,1,NoID,0
Bauman_01,7/26/2019,6:47,6,NoID,NA,1,NoID,0
Bauman_01,7/26/2019,6:47,6,NoID,NA,1,NoID,0
Bauman_01,7/26/2019,6:47,6,NoID,NA,1,NoID,0
Bauman_01,7/26/2019,6:47,6,NoID,NA,1,NoID,0
Bauman_01,7/26/2019,6:48,6,NoID,NA,1,NoID,0
Bauman_01,7/26/2019,6:48,6,NoID,NA,1,NoID,0
Bauman_01,7/26/2019,22:52,22,NoID,NA,1,NoID,0
Bauman_01,7/26/2019,23:16,23,NoID,NA,1,NoID,0
Bauman_01,7/26/2019,23:29,23,NoID,NA,1,NoID,0
Bauman_01,7/27/2019,0:15,0,NoID,NA,1,NoID,0
Bauman_01,7/27/2019,0:24,0,NoID,NA,1,NoID,0
Bauman_01,7/27/2019,0:36,0,NoID,NA,1,NoID,0
Bauman_01,7/27/2019,0:43,0,NoID,NA,1,NoID,0
Bauman_01,7/27/2019,0:46,0,NoID,NA,1,NoID,0
Bauman_01,7/27/2019,0:46,0,NoID,NA,1,NoID,0
Bauman_01,7/27/2019,0:47,0,NoID,NA,1,NoID,0
Bauman_01,7/27/2019,0:48,0,NoID,NA,1,NoID,0
Bauman_01,7/27/2019,1:00,1,NoID,NA,1,NoID,0
Bauman_01,7/27/2019,1:48,1,NoID,NA,1,NoID,0
Bauman_01,7/27/2019,2:27,2,NoID,NA,1,NoID,0
Bauman_01,7/27/2019,23:33,23,NoID,NA,1,NoID,0
Bauman_01,7/27/2019,23:39,23,NoID,NA,1,NoID,0
Bauman_01,7/28/2019,0:02,0,NoID,NA,1,NoID,0
Bauman_01,7/28/2019,0:27,0,NoID,NA,1,NoID,0
Bauman_01,7/28/2019,0:34,0,NoID,NA,1,NoID,0
Bauman_01,7/28/2019,2:24,2,NoID,NA,1,NoID,0
Bauman_01,7/28/2019,2:33,2,NoID,NA,1,NoID,0
Bauman_01,7/28/2019,4:19,4,NoID,NA,1,NoID,0
Bauman_01,7/28/2019,6:28,6,NoID,NA,1,NoID,0
Bauman_01,7/28/2019,6:29,6,NoID,NA,1,NoID,0
Bauman_01,7/28/2019,22:00,22,NoID,NA,1,NoID,0
Bauman_01,7/28/2019,22:00,22,NoID,NA,1,NoID,0
Bauman_01,7/28/2019,22:41,22,NoID,NA,1,NoID,0
Bauman_01,7/28/2019,22:52,22,NoID,NA,1,NoID,0
Bauman_02,7/28/2019,23:15,23,NYCHUM,NA,1,NYCHUM,65
Bauman_02,7/28/2019,23:43,23,NYCHUM,NA,1,NYCHUM,65
Bauman_02,7/28/2019,22:28,22,NYCHUM,NA,1,NYCHUM,65
Bauman_02,7/28/2019,23:08,23,NYCHUM,NA,1,NYCHUM,65
Bauman_02,7/26/2019,22:26,22,NoID,NA,1,NoID,65
Bauman_02,7/27/2019,0:40,0,NoID,NA,1,NoID,65
Bauman_02,7/27/2019,0:40,0,NoID,NA,1,NoID,65
Bauman_02,7/28/2019,22:00,22,NoID,NA,1,NoID,65
Bauman_02,7/28/2019,22:29,22,NoID,NA,1,NoID,65
Bauman_02,7/28/2019,22:59,22,NoID,NA,1,NoID,65
Bauman_03,7/26/2019,22:36,22,EPTFUS,NA,1,EPTFUS,172
Bauman_03,7/28/2019,23:00,23,EPTFUS,NA,1,EPTFUS,172
Bauman_03,7/28/2019,23:56,23,EPTFUS,NA,1,EPTFUS,172
Bauman_03,7/27/2019,22:59,22,EPTFUS,NA,1,EPTFUS,172
Bauman_03,7/28/2019,1:56,1,LASBOR,NA,1,LASBOR,172
Bauman_03,7/26/2019,1:56,1,LASBOR,NA,1,LASBOR,172
Bauman_03,7/28/2019,2:11,2,LASCIN,Noise,1,Noise,172
Bauman_03,7/27/2019,0:22,0,LASCIN,NA,1,LASCIN,172
Bauman_03,7/28/2019,2:17,2,LASCIN,NA,1,LASCIN,172
Bauman_03,7/28/2019,22:33,22,LASCIN,NA,1,LASCIN,172
Bauman_03,7/26/2019,22:23,22,NYCHUM,NA,1,NYCHUM,172
Bauman_03,7/28/2019,23:00,23,NYCHUM,NA,1,NYCHUM,172
Bauman_03,7/28/2019,23:01,23,NYCHUM,NA,1,NYCHUM,172
Bauman_03,7/27/2019,23:20,23,NYCHUM,NA,1,NYCHUM,172
Bauman_03,7/28/2019,23:44,23,NYCHUM,NA,1,NYCHUM,172
Bauman_03,7/25/2019,21:29,21,NoID,NA,1,NoID,172
Bauman_03,7/25/2019,23:36,23,NoID,NA,1,NoID,172
Bauman_03,7/25/2019,23:50,23,NoID,NA,1,NoID,172
Bauman_03,7/26/2019,1:08,1,NoID,NA,1,NoID,172
Bauman_03,7/26/2019,22:40,22,NoID,NA,1,NoID,172
Bauman_03,7/27/2019,23:05,23,NoID,NA,1,NoID,172
Bauman_03,7/28/2019,0:22,0,NoID,NA,1,NoID,172
Bauman_03,7/28/2019,0:33,0,NoID,NA,1,NoID,172
Bauman_03,7/28/2019,1:11,1,NoID,NA,1,NoID,172
Bauman_03,7/28/2019,1:12,1,NoID,NA,1,NoID,172
Bauman_03,7/28/2019,2:29,2,NoID,NA,1,NoID,172
Bauman_03,7/28/2019,2:32,2,NoID,NA,1,NoID,172
Bauman_03,7/28/2019,21:32,21,NoID,NA,1,NoID,172
Bauman_03,7/28/2019,21:33,21,NoID,NA,1,NoID,172
Bauman_03,7/28/2019,21:33,21,NoID,NA,1,NoID,172
Bauman_04,7/28/2019,22:02,22,EPTFUS,NA,1,EPTFUS,267
Bauman_04,7/27/2019,22:20,22,EPTFUS,NA,1,EPTFUS,267
Bauman_04,7/28/2019,23:57,23,EPTFUS,NA,1,EPTFUS,267
Bauman_04,7/26/2019,1:20,1,LASBOR,NA,1,LASBOR,267
Bauman_04,7/28/2019,0:18,0,LASCIN,Noise,1,Noise,267
Bauman_04,7/28/2019,22:02,22,LASCIN,NA,1,LASCIN,267
Bauman_04,7/28/2019,0:41,0,LASCIN,NA,1,LASCIN,267
Bauman_04,7/25/2019,23:36,23,LASNOC,NA,1,LASNOC,267
Bauman_04,7/26/2019,4:25,4,MYOLUC,NA,1,MYOLUC,267
Bauman_04,7/27/2019,4:02,4,NYCHUM,NA,1,NYCHUM,267
Bauman_04,7/27/2019,1:07,1,NYCHUM,NA,1,NYCHUM,267
Bauman_04,7/28/2019,22:28,22,NYCHUM,NA,1,NYCHUM,267
Bauman_04,7/28/2019,22:47,22,NYCHUM,NA,1,NYCHUM,267
Bauman_04,7/28/2019,22:32,22,NYCHUM,NA,1,NYCHUM,267
Bauman_04,7/28/2019,22:32,22,NYCHUM,NA,1,NYCHUM,267
Bauman_04,7/28/2019,23:44,23,NYCHUM,NA,1,NYCHUM,267
Bauman_04,7/26/2019,0:19,0,NoID,NA,1,NoID,267
Bauman_04,7/26/2019,22:11,22,NoID,NA,1,NoID,267
Bauman_04,7/27/2019,0:54,0,NoID,NA,1,NoID,267
Bauman_04,7/28/2019,2:17,2,NoID,NA,1,NoID,267
Bauman_04,7/28/2019,3:02,3,NoID,NA,1,NoID,267
Bauman_04,7/28/2019,21:56,21,NoID,NA,1,NoID,267
Bauman_04,7/28/2019,22:39,22,NoID,NA,1,NoID,267
Bauman_04,7/28/2019,22:39,22,NoID,NA,1,NoID,267
Bauman_04,7/28/2019,22:40,22,NoID,NA,1,NoID,267
Bauman_04,7/28/2019,22:41,22,NoID,NA,1,NoID,267
Bauman_04,7/28/2019,22:41,22,NoID,NA,1,NoID,267
Bauman_04,7/28/2019,22:41,22,NoID,NA,1,NoID,267
Bauman_04,7/28/2019,22:42,22,NoID,NA,1,NoID,267
Bauman_04,7/28/2019,22:44,22,NoID,NA,1,NoID,267
Bauman_04,7/28/2019,22:47,22,NoID,NA,1,NoID,267
Bauman_04,7/28/2019,22:49,22,NoID,NA,1,NoID,267
Bauman_04,7/28/2019,22:49,22,NoID,NA,1,NoID,267
Bauman_04,7/28/2019,22:50,22,NoID,NA,1,NoID,267
Bauman_04,7/28/2019,22:55,22,NoID,NA,1,NoID,267
Bauman_04,7/28/2019,22:58,22,NoID,NA,1,NoID,267
Bauman_04,7/28/2019,22:58,22,NoID,NA,1,NoID,267
Bauman_04,7/28/2019,23:23,23,NoID,NA,1,NoID,267
Bauman_04,7/28/2019,23:27,23,NoID,NA,1,NoID,267
Bauman_04,7/28/2019,23:27,23,NoID,NA,1,NoID,267
Bauman_04,7/28/2019,23:30,23,NoID,NA,1,NoID,267
Bauman_04,7/28/2019,23:31,23,NoID,NA,1,NoID,267
Bauman_04,7/28/2019,23:31,23,NoID,NA,1,NoID,267
Bauman_04,7/28/2019,23:33,23,NoID,NA,1,NoID,267
Bauman_04,7/28/2019,23:33,23,NoID,NA,1,NoID,267
Bauman_04,7/28/2019,23:33,23,NoID,NA,1,NoID,267
Bauman_04,7/28/2019,23:34,23,NoID,NA,1,NoID,267
Bauman_04,7/28/2019,23:34,23,NoID,NA,1,NoID,267
Bauman_04,7/28/2019,23:34,23,NoID,NA,1,NoID,267
Bauman_04,7/28/2019,23:43,23,NoID,NA,1,NoID,267
Bauman_04,7/28/2019,23:44,23,NoID,NA,1,NoID,267
Bauman_04,7/28/2019,23:45,23,NoID,NA,1,NoID,267
Bauman_04,7/28/2019,23:46,23,NoID,NA,1,NoID,267
Bauman_04,7/28/2019,23:46,23,NoID,NA,1,NoID,267
Bauman_04,7/28/2019,23:47,23,NoID,NA,1,NoID,267
Bauman_04,7/28/2019,23:47,23,NoID,NA,1,NoID,267
Bauman_04,7/28/2019,23:47,23,NoID,NA,1,NoID,267
Bauman_04,7/28/2019,23:47,23,NoID,NA,1,NoID,267
Bauman_04,7/28/2019,23:47,23,NoID,NA,1,NoID,267
Bauman_04,7/28/2019,23:47,23,NoID,NA,1,NoID,267
Bauman_04,7/28/2019,23:48,23,NoID,NA,1,NoID,267
Bauman_04,7/28/2019,23:48,23,NoID,NA,1,NoID,267
Bauman_04,7/28/2019,23:48,23,NoID,NA,1,NoID,267
Bauman_04,7/28/2019,23:48,23,NoID,NA,1,NoID,267
Bauman_04,7/28/2019,23:48,23,NoID,NA,1,NoID,267
Bauman_04,7/28/2019,23:49,23,NoID,NA,1,NoID,267
Bauman_04,7/28/2019,23:49,23,NoID,NA,1,NoID,267
Bauman_04,7/28/2019,23:49,23,NoID,NA,1,NoID,267
Bauman_04,7/28/2019,23:49,23,NoID,NA,1,NoID,267
Bauman_04,7/28/2019,23:49,23,NoID,NA,1,NoID,267
Bauman_04,7/28/2019,23:50,23,NoID,NA,1,NoID,267
Bauman_04,7/28/2019,23:51,23,NoID,NA,1,NoID,267
Bauman_04,7/28/2019,23:51,23,NoID,NA,1,NoID,267
Bauman_04,7/28/2019,23:55,23,NoID,NA,1,NoID,267
Bauman_05,7/26/2019,0:27,0,EPTFUS,NA,1,EPTFUS,100
Bauman_05,7/27/2019,23:40,23,EPTFUS,NA,1,EPTFUS,100
Bauman_05,7/27/2019,0:15,0,EPTFUS,NA,1,EPTFUS,100
Bauman_05,7/27/2019,22:42,22,EPTFUS,NA,1,EPTFUS,100
Bauman_05,7/26/2019,23:18,23,EPTFUS,NA,1,EPTFUS,100
Bauman_05,7/26/2019,22:27,22,EPTFUS,NA,1,EPTFUS,100
Bauman_05,7/26/2019,22:41,22,EPTFUS,NA,1,EPTFUS,100
Bauman_05,7/28/2019,22:16,22,EPTFUS,NA,1,EPTFUS,100
Bauman_05,7/28/2019,3:52,3,EPTFUS,NA,1,EPTFUS,100
Bauman_05,7/27/2019,21:37,21,LASBOR,NA,1,LASBOR,100
Bauman_05,7/27/2019,22:10,22,LASBOR,NA,1,LASBOR,100
Bauman_05,7/27/2019,2:44,2,LASBOR,NA,1,LASBOR,100
Bauman_05,7/27/2019,21:38,21,LASCIN,NA,1,LASCIN,100
Bauman_05,7/27/2019,21:56,21,LASCIN,Noise,1,Noise,100
Bauman_05,7/28/2019,23:19,23,LASCIN,Noise,1,Noise,100
Bauman_05,7/26/2019,1:59,1,LASCIN,Noise,1,Noise,100
Bauman_05,7/27/2019,2:46,2,LASCIN,NA,1,LASCIN,100
Bauman_05,7/27/2019,0:36,0,LASNOC,NA,1,LASNOC,100
Bauman_05,7/28/2019,3:09,3,MYOLUC,NA,1,MYOLUC,100
Bauman_05,7/27/2019,23:33,23,NYCHUM,NA,1,NYCHUM,100
Bauman_05,7/28/2019,22:28,22,NYCHUM,NA,1,NYCHUM,100
Bauman_05,7/27/2019,23:10,23,NYCHUM,NA,1,NYCHUM,100
Bauman_05,7/28/2019,23:13,23,NYCHUM,NA,1,NYCHUM,100
Bauman_05,7/27/2019,2:30,2,NYCHUM,NA,1,NYCHUM,100
Bauman_05,7/26/2019,1:05,1,NYCHUM,NA,1,NYCHUM,100
Bauman_05,7/26/2019,23:41,23,NYCHUM,NA,1,NYCHUM,100
Bauman_05,7/28/2019,1:33,1,NYCHUM,NA,1,NYCHUM,100
Bauman_05,7/27/2019,0:43,0,NYCHUM,NA,1,NYCHUM,100
Bauman_05,7/26/2019,23:04,23,NoID,NA,1,NoID,100
Bauman_05,7/27/2019,2:15,2,NoID,NA,1,NoID,100
Bauman_05,7/27/2019,2:46,2,NoID,NA,1,NoID,100
Bauman_05,7/27/2019,3:48,3,NoID,NA,1,NoID,100
Bauman_05,7/27/2019,22:15,22,NoID,NA,1,NoID,100
Bauman_05,7/27/2019,22:15,22,NoID,NA,1,NoID,100
Bauman_05,7/27/2019,23:41,23,NoID,NA,1,NoID,100
Bauman_05,7/28/2019,3:52,3,NoID,NA,1,NoID,100
Bauman_05,7/28/2019,4:56,4,NoID,NA,1,NoID,100
Bauman_05,7/28/2019,22:17,22,NoID,NA,1,NoID,100
Bauman_05,7/28/2019,22:20,22,NoID,NA,1,NoID,100
Bauman_05,7/28/2019,23:17,23,NoID,NA,1,NoID,100
Bauman_05,7/28/2019,23:35,23,NoID,NA,1,NoID,100
Bauman_06,7/28/2019,0:34,0,EPTFUS,NA,1,EPTFUS,128
Bauman_06,7/28/2019,2:02,2,EPTFUS,NA,1,EPTFUS,128
Bauman_06,7/28/2019,23:42,23,EPTFUS,NA,1,EPTFUS,128
Bauman_06,7/27/2019,0:39,0,EPTFUS,NA,1,EPTFUS,128
Bauman_06,7/27/2019,23:39,23,EPTFUS,NA,1,EPTFUS,128
Bauman_06,7/28/2019,23:15,23,EPTFUS,NA,1,EPTFUS,128
Bauman_06,7/25/2019,22:32,22,EPTFUS,NA,1,EPTFUS,128
Bauman_06,7/26/2019,22:51,22,EPTFUS,NA,1,EPTFUS,128
Bauman_06,7/26/2019,22:25,22,EPTFUS,NA,1,EPTFUS,128
Bauman_06,7/27/2019,1:04,1,LASBOR,NA,1,LASBOR,128
Bauman_06,7/26/2019,22:28,22,LASCIN,NA,1,LASCIN,128
Bauman_06,7/26/2019,22:28,22,LASCIN,NA,1,LASCIN,128
Bauman_06,7/27/2019,22:58,22,LASNOC,NA,1,LASNOC,128
Bauman_06,7/28/2019,1:14,1,MYOLUC,NA,1,MYOLUC,128
Bauman_06,7/28/2019,21:57,21,NYCHUM,NA,1,NYCHUM,128
Bauman_06,7/25/2019,21:53,21,NYCHUM,NA,1,NYCHUM,128
Bauman_06,7/28/2019,22:28,22,NYCHUM,NA,1,NYCHUM,128
Bauman_06,7/28/2019,22:46,22,NYCHUM,NA,1,NYCHUM,128
Bauman_06,7/27/2019,23:55,23,NYCHUM,NA,1,NYCHUM,128
Bauman_06,7/28/2019,1:39,1,NYCHUM,NA,1,NYCHUM,128
Bauman_06,7/28/2019,23:09,23,NYCHUM,NA,1,NYCHUM,128
Bauman_06,7/28/2019,22:19,22,NYCHUM,NA,1,NYCHUM,128
Bauman_06,7/26/2019,0:28,0,NoID,NA,1,NoID,128
Bauman_06,7/26/2019,22:29,22,NoID,NA,1,NoID,128
Bauman_06,7/27/2019,0:45,0,NoID,NA,1,NoID,128
Bauman_06,7/27/2019,0:55,0,NoID,NA,1,NoID,128
Bauman_06,7/27/2019,0:59,0,NoID,NA,1,NoID,128
Bauman_06,7/27/2019,1:04,1,NoID,NA,1,NoID,128
Bauman_06,7/27/2019,1:06,1,NoID,NA,1,NoID,128
Bauman_06,7/27/2019,1:08,1,NoID,NA,1,NoID,128
Bauman_06,7/27/2019,1:08,1,NoID,NA,1,NoID,128
Bauman_06,7/27/2019,1:08,1,NoID,NA,1,NoID,128
Bauman_06,7/27/2019,1:09,1,NoID,NA,1,NoID,128
Bauman_06,7/27/2019,1:09,1,NoID,NA,1,NoID,128
Bauman_06,7/27/2019,1:12,1,NoID,NA,1,NoID,128
Bauman_06,7/27/2019,1:36,1,NoID,NA,1,NoID,128
Bauman_06,7/27/2019,2:27,2,NoID,NA,1,NoID,128
Bauman_06,7/27/2019,2:39,2,NoID,NA,1,NoID,128
Bauman_06,7/27/2019,23:16,23,NoID,NA,1,NoID,128
Bauman_06,7/28/2019,1:03,1,NoID,NA,1,NoID,128
Bauman_06,7/28/2019,4:18,4,NoID,NA,1,NoID,128
Bauman_06,7/28/2019,22:48,22,NoID,NA,1,NoID,128
Bauman_07,7/28/2019,23:22,23,EPTFUS,NA,1,EPTFUS,200
Bauman_07,7/26/2019,23:39,23,EPTFUS,NA,1,EPTFUS,200
Bauman_07,7/28/2019,3:52,3,EPTFUS,NA,1,EPTFUS,200
Bauman_07,7/26/2019,23:29,23,EPTFUS,NA,1,EPTFUS,200
Bauman_07,7/27/2019,0:40,0,EPTFUS,NA,1,EPTFUS,200
Bauman_07,7/25/2019,22:43,22,LASCIN,NA,1,LASCIN,200
Bauman_07,7/28/2019,22:26,22,LASCIN,NA,1,LASCIN,200
Bauman_07,7/28/2019,23:25,23,LASCIN,NA,1,LASCIN,200
Bauman_07,7/28/2019,22:43,22,NYCHUM,NA,1,NYCHUM,200
Bauman_07,7/25/2019,23:50,23,NYCHUM,NA,1,NYCHUM,200
Bauman_07,7/28/2019,23:35,23,NYCHUM,NA,1,NYCHUM,200
Bauman_07,7/28/2019,22:57,22,NYCHUM,NA,1,NYCHUM,200
Bauman_07,7/28/2019,23:37,23,NYCHUM,NA,1,NYCHUM,200
Bauman_07,7/26/2019,22:11,22,NYCHUM,NA,1,NYCHUM,200
Bauman_07,7/28/2019,23:27,23,NYCHUM,NA,1,NYCHUM,200
Bauman_07,7/28/2019,2:52,2,NoID,NA,1,NoID,200
Bauman_07,7/28/2019,21:59,21,NoID,NA,1,NoID,200
Bauman_07,7/28/2019,22:32,22,NoID,NA,1,NoID,200
Bauman_07,7/28/2019,22:51,22,NoID,NA,1,NoID,200
Bauman_07,7/28/2019,23:16,23,NoID,NA,1,NoID,200
Bauman_07,7/28/2019,23:51,23,NoID,NA,1,NoID,200
Bauman_08,7/27/2019,0:55,0,EPTFUS,NA,1,EPTFUS,290
Bauman_08,7/28/2019,23:56,23,EPTFUS,NA,1,EPTFUS,290
Bauman_08,7/27/2019,0:55,0,EPTFUS,NA,1,EPTFUS,290
Bauman_08,7/27/2019,22:20,22,EPTFUS,NA,1,EPTFUS,290
Bauman_08,7/28/2019,3:38,3,LASBOR,NA,1,LASBOR,290
Bauman_08,7/28/2019,23:52,23,LASCIN,NA,1,LASCIN,290
Bauman_08,7/28/2019,23:51,23,LASCIN,NA,1,LASCIN,290
Bauman_08,7/28/2019,22:26,22,LASCIN,NA,1,LASCIN,290
Bauman_08,7/26/2019,1:33,1,LASCIN,NA,1,LASCIN,290
Bauman_08,7/28/2019,23:25,23,LASCIN,NA,1,LASCIN,290
Bauman_08,7/28/2019,22:32,22,LASCIN,NA,1,LASCIN,290
Bauman_08,7/27/2019,0:55,0,LASNOC,NA,1,LASNOC,290
Bauman_08,7/28/2019,23:49,23,LASNOC,NA,1,LASNOC,290
Bauman_08,7/28/2019,22:29,22,NYCHUM,NA,1,NYCHUM,290
Bauman_08,7/28/2019,22:57,22,NYCHUM,NA,1,NYCHUM,290
Bauman_08,7/28/2019,23:04,23,NYCHUM,NA,1,NYCHUM,290
Bauman_08,7/28/2019,22:42,22,NYCHUM,NA,1,NYCHUM,290
Bauman_08,7/28/2019,22:32,22,NYCHUM,NA,1,NYCHUM,290
Bauman_08,7/28/2019,23:02,23,NYCHUM,NA,1,NYCHUM,290
Bauman_08,7/26/2019,3:12,3,NYCHUM,NA,1,NYCHUM,290
Bauman_08,7/28/2019,22:58,22,NYCHUM,NA,1,NYCHUM,290
Bauman_08,7/28/2019,23:09,23,NYCHUM,NA,1,NYCHUM,290
Bauman_08,7/27/2019,22:11,22,NYCHUM,NA,1,NYCHUM,290
Bauman_08,7/27/2019,2:55,2,NYCHUM,NA,1,NYCHUM,290
Bauman_08,7/25/2019,22:43,22,NoID,NA,1,NoID,290
Bauman_08,7/27/2019,0:22,0,NoID,NA,1,NoID,290
Bauman_08,7/27/2019,0:56,0,NoID,NA,1,NoID,290
Bauman_08,7/27/2019,23:05,23,NoID,NA,1,NoID,290
Bauman_08,7/28/2019,3:02,3,NoID,NA,1,NoID,290
Bauman_08,7/28/2019,3:52,3,NoID,NA,1,NoID,290
Bauman_08,7/28/2019,22:51,22,NoID,NA,1,NoID,290
Bauman_08,7/28/2019,22:52,22,NoID,NA,1,NoID,290
Bauman_08,7/28/2019,23:32,23,NoID,NA,1,NoID,290
Bauman_09,7/27/2019,0:16,0,EPTFUS,NA,1,EPTFUS,200
Bauman_09,7/26/2019,0:27,0,EPTFUS,NA,1,EPTFUS,200
Bauman_09,7/27/2019,0:57,0,EPTFUS,NA,1,EPTFUS,200
Bauman_09,7/27/2019,1:46,1,EPTFUS,NA,1,EPTFUS,200
Bauman_09,7/26/2019,21:43,21,LASBOR,NA,1,LASBOR,200
Bauman_09,7/28/2019,22:09,22,LASCIN,Noise,1,Noise,200
Bauman_09,7/27/2019,21:37,21,LASCIN,NA,1,LASCIN,200
Bauman_09,7/25/2019,23:30,23,LASCIN,NA,1,LASCIN,200
Bauman_09,7/25/2019,22:09,22,LASNOC,NA,1,LASNOC,200
Bauman_09,7/28/2019,22:28,22,NYCHUM,NA,1,NYCHUM,200
Bauman_09,7/28/2019,23:17,23,NYCHUM,NA,1,NYCHUM,200
Bauman_09,7/28/2019,5:15,5,NYCHUM,NA,1,NYCHUM,200
Bauman_09,7/26/2019,3:21,3,NYCHUM,NA,1,NYCHUM,200
Bauman_09,7/28/2019,22:17,22,NYCHUM,NA,1,NYCHUM,200
Bauman_09,7/27/2019,2:30,2,NYCHUM,NA,1,NYCHUM,200
Bauman_09,7/27/2019,23:57,23,NYCHUM,NA,1,NYCHUM,200
Bauman_09,7/26/2019,3:38,3,NYCHUM,NA,1,NYCHUM,200
Bauman_09,7/28/2019,23:45,23,NYCHUM,NA,1,NYCHUM,200
Bauman_09,7/26/2019,1:02,1,NoID,NA,1,NoID,200
Bauman_09,7/26/2019,1:56,1,NoID,NA,1,NoID,200
Bauman_09,7/26/2019,21:44,21,NoID,NA,1,NoID,200
Bauman_09,7/26/2019,23:03,23,NoID,NA,1,NoID,200
Bauman_09,7/27/2019,0:58,0,NoID,NA,1,NoID,200
Bauman_09,7/27/2019,1:30,1,NoID,NA,1,NoID,200
Bauman_09,7/27/2019,4:48,4,NoID,NA,1,NoID,200
Bauman_09,7/27/2019,22:15,22,NoID,NA,1,NoID,200
Bauman_09,7/28/2019,0:26,0,NoID,NA,1,NoID,200
Bauman_09,7/28/2019,22:01,22,NoID,NA,1,NoID,200
Bauman_09,7/28/2019,22:43,22,NoID,NA,1,NoID,200
Bauman_09,7/28/2019,23:48,23,NoID,NA,1,NoID,200
Bauman_09,7/28/2019,23:49,23,NoID,NA,1,NoID,200
Bauman_10,7/27/2019,23:16,23,EPTFUS,NA,1,EPTFUS,214
Bauman_10,7/27/2019,0:57,0,EPTFUS,NA,1,EPTFUS,214
Bauman_10,7/28/2019,23:42,23,EPTFUS,NA,1,EPTFUS,214
Bauman_10,7/27/2019,2:27,2,EPTFUS,NA,1,EPTFUS,214
Bauman_10,7/26/2019,22:27,22,EPTFUS,NA,1,EPTFUS,214
Bauman_10,7/26/2019,22:27,22,EPTFUS,NA,1,EPTFUS,214
Bauman_10,7/28/2019,0:14,0,EPTFUS,NA,1,EPTFUS,214
Bauman_10,7/27/2019,22:42,22,EPTFUS,NA,1,EPTFUS,214
Bauman_10,7/28/2019,22:52,22,LASBOR,NA,1,LASBOR,214
Bauman_10,7/27/2019,1:22,1,LASCIN,Noise,1,Noise,214
Bauman_10,7/26/2019,22:29,22,LASNOC,NA,1,LASNOC,214
Bauman_10,7/27/2019,23:14,23,MYOLUC,NA,1,MYOLUC,214
Bauman_10,7/27/2019,23:54,23,NYCHUM,NA,1,NYCHUM,214
Bauman_10,7/28/2019,23:09,23,NYCHUM,NA,1,NYCHUM,214
Bauman_10,7/28/2019,22:29,22,NYCHUM,NA,1,NYCHUM,214
Bauman_10,7/28/2019,23:10,23,NYCHUM,NA,1,NYCHUM,214
Bauman_10,7/28/2019,22:46,22,NYCHUM,NA,1,NYCHUM,214
Bauman_10,7/28/2019,22:28,22,NYCHUM,NA,1,NYCHUM,214
Bauman_10,7/28/2019,22:19,22,NYCHUM,NA,1,NYCHUM,214
Bauman_10,7/26/2019,22:10,22,NYCHUM,NA,1,NYCHUM,214
Bauman_10,7/26/2019,0:28,0,NoID,NA,1,NoID,214
Bauman_10,7/26/2019,0:39,0,NoID,NA,1,NoID,214
Bauman_10,7/26/2019,1:08,1,NoID,NA,1,NoID,214
Bauman_10,7/26/2019,22:23,22,NoID,NA,1,NoID,214
Bauman_10,7/26/2019,23:03,23,NoID,NA,1,NoID,214
Bauman_10,7/26/2019,23:18,23,NoID,NA,1,NoID,214
Bauman_10,7/27/2019,0:57,0,NoID,NA,1,NoID,214
Bauman_10,7/27/2019,22:58,22,NoID,NA,1,NoID,214
Bauman_10,7/27/2019,23:32,23,NoID,NA,1,NoID,214
Bauman_10,7/28/2019,2:39,2,NoID,NA,1,NoID,214
Bauman_10,7/28/2019,22:20,22,NoID,NA,1,NoID,214
Bauman_10,7/28/2019,22:48,22,NoID,NA,1,NoID,214
Bauman_10,7/28/2019,23:15,23,NoID,NA,1,NoID,214
Bauman_10,7/28/2019,23:22,23,NoID,NA,1,NoID,214
Bauman_11,7/28/2019,2:01,2,EPTFUS,NA,1,EPTFUS,264
Bauman_11,7/28/2019,0:33,0,EPTFUS,NA,1,EPTFUS,264
Bauman_11,7/28/2019,0:14,0,EPTFUS,NA,1,EPTFUS,264
Bauman_11,7/26/2019,22:25,22,EPTFUS,NA,1,EPTFUS,264
Bauman_11,7/27/2019,23:38,23,EPTFUS,NA,1,EPTFUS,264
Bauman_11,7/28/2019,23:10,23,EPTFUS,NA,1,EPTFUS,264
Bauman_11,7/27/2019,23:15,23,EPTFUS,NA,1,EPTFUS,264
Bauman_11,7/25/2019,22:32,22,EPTFUS,NA,1,EPTFUS,264
Bauman_11,7/28/2019,0:34,0,EPTFUS,NA,1,EPTFUS,264
Bauman_11,7/28/2019,0:14,0,EPTFUS,NA,1,EPTFUS,264
Bauman_11,7/26/2019,21:23,21,LASBOR,NA,1,LASBOR,264
Bauman_11,7/26/2019,1:33,1,LASCIN,NA,1,LASCIN,264
Bauman_11,7/28/2019,22:20,22,LASCIN,NA,1,LASCIN,264
Bauman_11,7/27/2019,22:42,22,LASNOC,NA,1,LASNOC,264
Bauman_11,7/28/2019,23:14,23,NYCHUM,NA,1,NYCHUM,264
Bauman_11,7/28/2019,23:27,23,NYCHUM,NA,1,NYCHUM,264
Bauman_11,7/28/2019,22:29,22,NYCHUM,NA,1,NYCHUM,264
Bauman_11,7/28/2019,23:54,23,NYCHUM,NA,1,NYCHUM,264
Bauman_11,7/26/2019,1:08,1,NYCHUM,NA,1,NYCHUM,264
Bauman_11,7/26/2019,21:23,21,NoID,NA,1,NoID,264
Bauman_11,7/26/2019,21:24,21,NoID,NA,1,NoID,264
Bauman_11,7/26/2019,23:03,23,NoID,NA,1,NoID,264
Bauman_11,7/26/2019,23:04,23,NoID,NA,1,NoID,264
Bauman_11,7/27/2019,0:39,0,NoID,NA,1,NoID,264
Bauman_11,7/27/2019,2:15,2,NoID,NA,1,NoID,264
Bauman_11,7/27/2019,22:03,22,NoID,NA,1,NoID,264
Bauman_11,7/27/2019,22:27,22,NoID,NA,1,NoID,264
Bauman_11,7/27/2019,22:27,22,NoID,NA,1,NoID,264
Bauman_11,7/27/2019,22:29,22,NoID,NA,1,NoID,264
Bauman_11,7/27/2019,22:29,22,NoID,NA,1,NoID,264
Bauman_11,7/27/2019,22:29,22,NoID,NA,1,NoID,264
Bauman_11,7/27/2019,22:30,22,NoID,NA,1,NoID,264
Bauman_11,7/27/2019,22:30,22,NoID,NA,1,NoID,264
Bauman_11,7/27/2019,22:30,22,NoID,NA,1,NoID,264
Bauman_11,7/27/2019,22:30,22,NoID,NA,1,NoID,264
Bauman_11,7/27/2019,22:31,22,NoID,NA,1,NoID,264
Bauman_11,7/27/2019,22:31,22,NoID,NA,1,NoID,264
Bauman_11,7/27/2019,22:31,22,NoID,NA,1,NoID,264
Bauman_11,7/27/2019,22:42,22,NoID,NA,1,NoID,264
Bauman_11,7/27/2019,22:58,22,NoID,NA,1,NoID,264
Bauman_11,7/27/2019,23:10,23,NoID,NA,1,NoID,264
Bauman_11,7/28/2019,23:10,23,NoID,NA,1,NoID,264
Bauman_11,7/28/2019,23:55,23,NoID,NA,1,NoID,264
Bauman_12,7/28/2019,0:14,0,EPTFUS,NA,1,EPTFUS,337
Bauman_12,7/26/2019,23:29,23,EPTFUS,NA,1,EPTFUS,337
Bauman_12,7/28/2019,23:11,23,EPTFUS,NA,1,EPTFUS,337
Bauman_12,7/28/2019,23:47,23,EPTFUS,NA,1,EPTFUS,337
Bauman_12,7/26/2019,23:39,23,EPTFUS,NA,1,EPTFUS,337
Bauman_12,7/28/2019,23:12,23,EPTFUS,NA,1,EPTFUS,337
Bauman_12,7/26/2019,4:18,4,LASBOR,NA,1,LASBOR,337
Bauman_12,7/28/2019,22:32,22,LASCIN,NA,1,LASCIN,337
Bauman_12,7/28/2019,23:52,23,LASCIN,NA,1,LASCIN,337
Bauman_12,7/28/2019,23:09,23,LASCIN,NA,1,LASCIN,337
Bauman_12,7/28/2019,22:02,22,LASCIN,NA,1,LASCIN,337
Bauman_12,7/26/2019,1:33,1,LASCIN,NA,1,LASCIN,337
Bauman_12,7/28/2019,23:25,23,LASCIN,NA,1,LASCIN,337
Bauman_12,7/28/2019,22:51,22,LASCIN,NA,1,LASCIN,337
Bauman_12,7/28/2019,22:17,22,LASNOC,NA,1,LASNOC,337
Bauman_12,7/28/2019,22:30,22,NYCHUM,NA,1,NYCHUM,337
Bauman_12,7/28/2019,23:16,23,NYCHUM,NA,1,NYCHUM,337
Bauman_12,7/28/2019,23:15,23,NYCHUM,NA,1,NYCHUM,337
Bauman_12,7/28/2019,22:41,22,NYCHUM,NA,1,NYCHUM,337
Bauman_12,7/28/2019,22:18,22,NYCHUM,NA,1,NYCHUM,337
Bauman_12,7/28/2019,23:28,23,NYCHUM,NA,1,NYCHUM,337
Bauman_12,7/26/2019,21:57,21,NYCHUM,NA,1,NYCHUM,337
Bauman_12,7/28/2019,22:53,22,NYCHUM,NA,1,NYCHUM,337
Bauman_12,7/27/2019,22:39,22,NYCHUM,NA,1,NYCHUM,337
Bauman_12,7/28/2019,22:30,22,NYCHUM,NA,1,NYCHUM,337
Bauman_12,7/27/2019,1:36,1,NYCHUM,NA,1,NYCHUM,337
Bauman_12,7/27/2019,3:25,3,NYCHUM,NA,1,NYCHUM,337
Bauman_12,7/28/2019,4:55,4,NYCHUM,NA,1,NYCHUM,337
Bauman_12,7/27/2019,0:40,0,NYCHUM,NA,1,NYCHUM,337
Bauman_12,7/26/2019,21:23,21,NoID,NA,1,NoID,337
Bauman_12,7/26/2019,23:40,23,NoID,NA,1,NoID,337
Bauman_12,7/27/2019,0:22,0,NoID,NA,1,NoID,337
Bauman_12,7/28/2019,0:14,0,NoID,NA,1,NoID,337
Bauman_12,7/28/2019,2:01,2,NoID,NA,1,NoID,337
Bauman_12,7/28/2019,2:41,2,NoID,NA,1,NoID,337
Bauman_12,7/28/2019,2:57,2,NoID,NA,1,NoID,337
Bauman_12,7/28/2019,3:02,3,NoID,NA,1,NoID,337
Bauman_12,7/28/2019,4:10,4,NoID,NA,1,NoID,337
Bauman_12,7/28/2019,23:52,23,NoID,NA,1,NoID,337
Bauman_12,7/28/2019,23:56,23,NoID,NA,1,NoID,337
Bauman_13,7/28/2019,23:10,23,EPTFUS,NA,1,EPTFUS,300
Bauman_13,7/28/2019,0:15,0,EPTFUS,NA,1,EPTFUS,300
Bauman_13,7/28/2019,1:12,1,EPTFUS,NA,1,EPTFUS,300
Bauman_13,7/28/2019,2:42,2,EPTFUS,NA,1,EPTFUS,300
Bauman_13,7/27/2019,22:58,22,EPTFUS,NA,1,EPTFUS,300
Bauman_13,7/26/2019,0:27,0,EPTFUS,NA,1,EPTFUS,300
Bauman_13,7/27/2019,3:06,3,EPTFUS,NA,1,EPTFUS,300
Bauman_13,7/27/2019,0:16,0,EPTFUS,NA,1,EPTFUS,300
Bauman_13,7/27/2019,1:03,1,LASBOR,NA,1,LASBOR,300
Bauman_13,7/28/2019,23:15,23,LASCIN,NA,1,LASCIN,300
Bauman_13,7/27/2019,22:40,22,LASCIN,NA,1,LASCIN,300
Bauman_13,7/27/2019,22:38,22,LASCIN,NA,1,LASCIN,300
Bauman_13,7/27/2019,22:39,22,LASNOC,NA,1,LASNOC,300
Bauman_13,7/26/2019,3:21,3,NYCHUM,NA,1,NYCHUM,300
Bauman_13,7/28/2019,22:58,22,NYCHUM,NA,1,NYCHUM,300
Bauman_13,7/28/2019,22:30,22,NYCHUM,NA,1,NYCHUM,300
Bauman_13,7/26/2019,3:21,3,NYCHUM,NA,1,NYCHUM,300
Bauman_13,7/28/2019,23:48,23,NYCHUM,NA,1,NYCHUM,300
Bauman_13,7/26/2019,23:06,23,NYCHUM,NA,1,NYCHUM,300
Bauman_13,7/28/2019,23:20,23,NYCHUM,NA,1,NYCHUM,300
Bauman_13,7/28/2019,0:26,0,NYCHUM,NA,1,NYCHUM,300
Bauman_13,7/28/2019,0:38,0,NYCHUM,NA,1,NYCHUM,300
Bauman_13,7/27/2019,0:10,0,NYCHUM,NA,1,NYCHUM,300
Bauman_13,7/26/2019,3:21,3,NYCHUM,NA,1,NYCHUM,300
Bauman_13,7/25/2019,22:09,22,NoID,NA,1,NoID,300
Bauman_13,7/26/2019,5:09,5,NoID,NA,1,NoID,300
Bauman_13,7/26/2019,22:22,22,NoID,NA,1,NoID,300
Bauman_13,7/26/2019,22:58,22,NoID,NA,1,NoID,300
Bauman_13,7/26/2019,23:03,23,NoID,NA,1,NoID,300
Bauman_13,7/27/2019,3:19,3,NoID,NA,1,NoID,300
Bauman_13,7/27/2019,21:37,21,NoID,NA,1,NoID,300
Bauman_13,7/27/2019,22:13,22,NoID,NA,1,NoID,300
Bauman_13,7/27/2019,22:14,22,NoID,NA,1,NoID,300
Bauman_13,7/27/2019,22:15,22,NoID,NA,1,NoID,300
Bauman_13,7/27/2019,22:15,22,NoID,NA,1,NoID,300
Bauman_13,7/27/2019,22:16,22,NoID,NA,1,NoID,300
Bauman_13,7/27/2019,22:16,22,NoID,NA,1,NoID,300
Bauman_13,7/27/2019,22:17,22,NoID,NA,1,NoID,300
Bauman_13,7/27/2019,22:17,22,NoID,NA,1,NoID,300
Bauman_13,7/27/2019,22:17,22,NoID,NA,1,NoID,300
Bauman_13,7/27/2019,22:18,22,NoID,NA,1,NoID,300
Bauman_13,7/27/2019,22:18,22,NoID,NA,1,NoID,300
Bauman_13,7/27/2019,22:18,22,NoID,NA,1,NoID,300
Bauman_13,7/27/2019,22:19,22,NoID,NA,1,NoID,300
Bauman_13,7/27/2019,22:20,22,NoID,NA,1,NoID,300
Bauman_13,7/28/2019,3:46,3,NoID,NA,1,NoID,300
Bauman_13,7/28/2019,21:59,21,NoID,NA,1,NoID,300
Bauman_13,7/28/2019,22:27,22,NoID,NA,1,NoID,300
Bauman_13,7/28/2019,23:03,23,NoID,NA,1,NoID,300
Bauman_13,7/28/2019,23:17,23,NoID,NA,1,NoID,300
Bauman_13,7/28/2019,23:35,23,NoID,NA,1,NoID,300
Bauman_13,7/28/2019,23:55,23,NoID,NA,1,NoID,300
Bauman_14,7/28/2019,4:10,4,EPTFUS,NA,1,EPTFUS,310
Bauman_14,7/27/2019,1:46,1,EPTFUS,NA,1,EPTFUS,310
Bauman_14,7/28/2019,23:46,23,EPTFUS,NA,1,EPTFUS,310
Bauman_14,7/28/2019,4:10,4,EPTFUS,NA,1,EPTFUS,310
Bauman_14,7/28/2019,23:56,23,EPTFUS,NA,1,EPTFUS,310
Bauman_14,7/27/2019,23:39,23,EPTFUS,NA,1,EPTFUS,310
Bauman_14,7/27/2019,2:27,2,EPTFUS,NA,1,EPTFUS,310
Bauman_14,7/28/2019,1:12,1,EPTFUS,NA,1,EPTFUS,310
Bauman_14,7/27/2019,23:39,23,EPTFUS,NA,1,EPTFUS,310
Bauman_14,7/28/2019,23:56,23,EPTFUS,NA,1,EPTFUS,310
Bauman_14,7/26/2019,22:25,22,EPTFUS,NA,1,EPTFUS,310
Bauman_14,7/27/2019,2:27,2,EPTFUS,NA,1,EPTFUS,310
Bauman_14,7/28/2019,3:53,3,EPTFUS,NA,1,EPTFUS,310
Bauman_14,7/26/2019,1:33,1,EPTFUS,NA,1,EPTFUS,310
Bauman_14,7/26/2019,22:51,22,EPTFUS,NA,1,EPTFUS,310
Bauman_14,7/28/2019,23:11,23,EPTFUS,NA,1,EPTFUS,310
Bauman_14,7/26/2019,22:26,22,EPTFUS,NA,1,EPTFUS,310
Bauman_14,7/26/2019,23:12,23,LASBOR,NA,1,LASBOR,310
Bauman_14,7/26/2019,23:30,23,LASBOR,NA,1,LASBOR,310
Bauman_14,7/26/2019,3:58,3,LASBOR,NA,1,LASBOR,310
Bauman_14,7/27/2019,3:17,3,LASBOR,NA,1,LASBOR,310
Bauman_14,7/28/2019,22:50,22,MYOLUC,NA,1,MYOLUC,310
Bauman_14,7/28/2019,23:27,23,NYCHUM,NA,1,NYCHUM,310
Bauman_14,7/28/2019,22:34,22,NYCHUM,NA,1,NYCHUM,310
Bauman_14,7/28/2019,23:08,23,NYCHUM,NA,1,NYCHUM,310
Bauman_14,7/28/2019,2:58,2,NYCHUM,NA,1,NYCHUM,310
Bauman_14,7/28/2019,1:39,1,NYCHUM,NA,1,NYCHUM,310
Bauman_14,7/28/2019,22:41,22,NYCHUM,NA,1,NYCHUM,310
Bauman_14,7/28/2019,22:45,22,NYCHUM,NA,1,NYCHUM,310
Bauman_14,7/28/2019,23:47,23,NYCHUM,NA,1,NYCHUM,310
Bauman_14,7/27/2019,22:38,22,NYCHUM,NA,1,NYCHUM,310
Bauman_14,7/28/2019,0:38,0,NYCHUM,NA,1,NYCHUM,310
Bauman_14,7/28/2019,22:19,22,NYCHUM,NA,1,NYCHUM,310
Bauman_14,7/26/2019,4:06,4,NYCHUM,NA,1,NYCHUM,310
Bauman_14,7/27/2019,4:04,4,NYCHUM,NA,1,NYCHUM,310
Bauman_14,7/27/2019,0:42,0,NYCHUM,NA,1,NYCHUM,310
Bauman_14,7/26/2019,22:57,22,NYCHUM,NA,1,NYCHUM,310
Bauman_14,7/28/2019,0:03,0,NYCHUM,NA,1,NYCHUM,310
Bauman_14,7/28/2019,4:55,4,NYCHUM,NA,1,NYCHUM,310
Bauman_14,7/26/2019,0:27,0,NoID,NA,1,NoID,310
Bauman_14,7/26/2019,2:20,2,NoID,NA,1,NoID,310
Bauman_14,7/26/2019,22:25,22,NoID,NA,1,NoID,310
Bauman_14,7/26/2019,22:37,22,NoID,NA,1,NoID,310
Bauman_14,7/26/2019,22:37,22,NoID,NA,1,NoID,310
Bauman_14,7/26/2019,22:38,22,NoID,NA,1,NoID,310
Bauman_14,7/26/2019,22:39,22,NoID,NA,1,NoID,310
Bauman_14,7/26/2019,22:40,22,NoID,NA,1,NoID,310
Bauman_14,7/26/2019,22:41,22,NoID,NA,1,NoID,310
Bauman_14,7/26/2019,22:41,22,NoID,NA,1,NoID,310
Bauman_14,7/26/2019,22:51,22,NoID,NA,1,NoID,310
Bauman_14,7/26/2019,23:04,23,NoID,NA,1,NoID,310
Bauman_14,7/26/2019,23:17,23,NoID,NA,1,NoID,310
Bauman_14,7/26/2019,23:18,23,NoID,NA,1,NoID,310
Bauman_14,7/26/2019,23:24,23,NoID,NA,1,NoID,310
Bauman_14,7/27/2019,1:29,1,NoID,NA,1,NoID,310
Bauman_14,7/27/2019,1:46,1,NoID,NA,1,NoID,310
Bauman_14,7/27/2019,2:06,2,NoID,NA,1,NoID,310
Bauman_14,7/27/2019,2:21,2,NoID,NA,1,NoID,310
Bauman_14,7/27/2019,2:25,2,NoID,NA,1,NoID,310
Bauman_14,7/27/2019,2:31,2,NoID,NA,1,NoID,310
Bauman_14,7/27/2019,2:33,2,NoID,NA,1,NoID,310
Bauman_14,7/27/2019,3:00,3,NoID,NA,1,NoID,310
Bauman_14,7/27/2019,3:00,3,NoID,NA,1,NoID,310
Bauman_14,7/27/2019,3:01,3,NoID,NA,1,NoID,310
Bauman_14,7/27/2019,3:02,3,NoID,NA,1,NoID,310
Bauman_14,7/27/2019,3:04,3,NoID,NA,1,NoID,310
Bauman_14,7/27/2019,3:17,3,NoID,NA,1,NoID,310
Bauman_14,7/27/2019,3:50,3,NoID,NA,1,NoID,310
Bauman_14,7/27/2019,3:50,3,NoID,NA,1,NoID,310
Bauman_14,7/27/2019,3:50,3,NoID,NA,1,NoID,310
Bauman_14,7/27/2019,3:50,3,NoID,NA,1,NoID,310
Bauman_14,7/27/2019,4:39,4,NoID,NA,1,NoID,310
Bauman_14,7/27/2019,22:40,22,NoID,NA,1,NoID,310
Bauman_14,7/28/2019,3:46,3,NoID,NA,1,NoID,310
Bauman_14,7/28/2019,3:46,3,NoID,NA,1,NoID,310
Bauman_14,7/28/2019,5:15,5,NoID,NA,1,NoID,310
Bauman_14,7/28/2019,22:43,22,NoID,NA,1,NoID,310
Bauman_14,7/28/2019,23:19,23,NoID,NA,1,NoID,310
Bauman_14,7/28/2019,23:20,23,NoID,NA,1,NoID,310
Bauman_14,7/28/2019,23:42,23,NoID,NA,1,NoID,310
Bauman_15,7/27/2019,1:46,1,EPTFUS,NA,1,EPTFUS,346
Bauman_15,7/28/2019,23:46,23,EPTFUS,NA,1,EPTFUS,346
Bauman_15,7/28/2019,4:10,4,EPTFUS,NA,1,EPTFUS,346
Bauman_15,7/28/2019,23:56,23,EPTFUS,NA,1,EPTFUS,346
Bauman_15,7/26/2019,22:25,22,EPTFUS,NA,1,EPTFUS,346
Bauman_15,7/28/2019,3:53,3,EPTFUS,NA,1,EPTFUS,346
Bauman_15,7/26/2019,1:33,1,EPTFUS,NA,1,EPTFUS,346
Bauman_15,7/28/2019,23:11,23,EPTFUS,NA,1,EPTFUS,346
Bauman_15,7/26/2019,22:26,22,EPTFUS,NA,1,EPTFUS,346
Bauman_15,7/27/2019,3:17,3,LASBOR,NA,1,LASBOR,346
Bauman_15,7/28/2019,23:27,23,NYCHUM,NA,1,NYCHUM,346
Bauman_15,7/28/2019,22:34,22,NYCHUM,NA,1,NYCHUM,346
Bauman_15,7/28/2019,23:08,23,NYCHUM,NA,1,NYCHUM,346
Bauman_15,7/28/2019,1:39,1,NYCHUM,NA,1,NYCHUM,346
Bauman_15,7/28/2019,22:41,22,NYCHUM,NA,1,NYCHUM,346
Bauman_15,7/28/2019,23:47,23,NYCHUM,NA,1,NYCHUM,346
Bauman_15,7/27/2019,22:38,22,NYCHUM,NA,1,NYCHUM,346
Bauman_15,7/26/2019,4:06,4,NYCHUM,NA,1,NYCHUM,346
Bauman_15,7/27/2019,4:04,4,NYCHUM,NA,1,NYCHUM,346
Bauman_15,7/26/2019,22:57,22,NYCHUM,NA,1,NYCHUM,346
Bauman_15,7/28/2019,0:03,0,NYCHUM,NA,1,NYCHUM,346
Bauman_15,7/28/2019,4:55,4,NYCHUM,NA,1,NYCHUM,346
Bauman_15,7/26/2019,22:25,22,NoID,NA,1,NoID,346
Bauman_15,7/28/2019,3:46,3,NoID,NA,1,NoID,346
Bauman_15,7/28/2019,22:43,22,NoID,NA,1,NoID,346
Bauman_15,7/28/2019,23:19,23,NoID,NA,1,NoID,346
Bauman_15,7/28/2019,23:20,23,NoID,NA,1,NoID,346
Bauman_16,7/28/2019,23:56,23,EPTFUS,NA,1,EPTFUS,405
Bauman_16,7/27/2019,23:38,23,EPTFUS,NA,1,EPTFUS,405
Bauman_16,7/27/2019,23:15,23,EPTFUS,NA,1,EPTFUS,405
Bauman_16,7/27/2019,22:44,22,EPTFUS,NA,1,EPTFUS,405
Bauman_16,7/27/2019,22:44,22,EPTFUS,NA,1,EPTFUS,405
Bauman_16,7/28/2019,23:55,23,EPTFUS,NA,1,EPTFUS,405
Bauman_16,7/28/2019,23:57,23,EPTFUS,NA,1,EPTFUS,405
Bauman_16,7/28/2019,0:33,0,EPTFUS,NA,1,EPTFUS,405
Bauman_16,7/28/2019,2:01,2,EPTFUS,NA,1,EPTFUS,405
Bauman_16,7/28/2019,23:36,23,LASBOR,NA,1,LASBOR,405
Bauman_16,7/26/2019,4:18,4,LASBOR,NA,1,LASBOR,405
Bauman_16,7/28/2019,22:02,22,LASCIN,NA,1,LASCIN,405
Bauman_16,7/28/2019,22:18,22,LASCIN,NA,1,LASCIN,405
Bauman_16,7/28/2019,22:58,22,LASCIN,NA,1,LASCIN,405
Bauman_16,7/28/2019,3:46,3,LASNOC,NA,1,LASNOC,405
Bauman_16,7/28/2019,22:29,22,NYCHUM,NA,1,NYCHUM,405
Bauman_16,7/28/2019,23:03,23,NYCHUM,NA,1,NYCHUM,405
Bauman_16,7/28/2019,22:30,22,NYCHUM,NA,1,NYCHUM,405
Bauman_16,7/28/2019,23:55,23,NYCHUM,NA,1,NYCHUM,405
Bauman_16,7/28/2019,23:16,23,NYCHUM,NA,1,NYCHUM,405
Bauman_16,7/28/2019,22:18,22,NYCHUM,NA,1,NYCHUM,405
Bauman_16,7/28/2019,22:31,22,NYCHUM,NA,1,NYCHUM,405
Bauman_16,7/26/2019,0:34,0,NoID,NA,1,NoID,405
Bauman_16,7/26/2019,21:12,21,NoID,NA,1,NoID,405
Bauman_16,7/26/2019,21:25,21,NoID,NA,1,NoID,405
Bauman_16,7/26/2019,21:25,21,NoID,NA,1,NoID,405
Bauman_16,7/26/2019,22:05,22,NoID,NA,1,NoID,405
Bauman_16,7/26/2019,22:06,22,NoID,NA,1,NoID,405
Bauman_16,7/26/2019,22:06,22,NoID,NA,1,NoID,405
Bauman_16,7/26/2019,22:10,22,NoID,NA,1,NoID,405
Bauman_16,7/26/2019,22:10,22,NoID,NA,1,NoID,405
Bauman_16,7/26/2019,22:12,22,NoID,NA,1,NoID,405
Bauman_16,7/26/2019,22:32,22,NoID,NA,1,NoID,405
Bauman_16,7/26/2019,22:49,22,NoID,NA,1,NoID,405
Bauman_16,7/27/2019,21:58,21,NoID,NA,1,NoID,405
Bauman_16,7/27/2019,21:58,21,NoID,NA,1,NoID,405
Bauman_16,7/27/2019,21:58,21,NoID,NA,1,NoID,405
Bauman_16,7/27/2019,21:58,21,NoID,NA,1,NoID,405
Bauman_16,7/27/2019,21:58,21,NoID,NA,1,NoID,405
Bauman_16,7/27/2019,21:59,21,NoID,NA,1,NoID,405
Bauman_16,7/27/2019,21:59,21,NoID,NA,1,NoID,405
Bauman_16,7/27/2019,21:59,21,NoID,NA,1,NoID,405
Bauman_16,7/27/2019,21:59,21,NoID,NA,1,NoID,405
Bauman_16,7/27/2019,21:59,21,NoID,NA,1,NoID,405
Bauman_16,7/27/2019,21:59,21,NoID,NA,1,NoID,405
Bauman_16,7/27/2019,22:44,22,NoID,NA,1,NoID,405
Bauman_16,7/27/2019,23:07,23,NoID,NA,1,NoID,405
Bauman_16,7/27/2019,23:11,23,NoID,NA,1,NoID,405
Bauman_16,7/27/2019,23:12,23,NoID,NA,1,NoID,405
Bauman_16,7/27/2019,23:52,23,NoID,NA,1,NoID,405
Bauman_16,7/27/2019,23:52,23,NoID,NA,1,NoID,405
Bauman_16,7/27/2019,23:52,23,NoID,NA,1,NoID,405
Bauman_16,7/27/2019,23:52,23,NoID,NA,1,NoID,405
Bauman_16,7/27/2019,23:53,23,NoID,NA,1,NoID,405
Bauman_16,7/27/2019,23:53,23,NoID,NA,1,NoID,405
Bauman_16,7/27/2019,23:53,23,NoID,NA,1,NoID,405
Bauman_16,7/27/2019,23:54,23,NoID,NA,1,NoID,405
Bauman_16,7/27/2019,23:54,23,NoID,NA,1,NoID,405
Bauman_16,7/27/2019,23:54,23,NoID,NA,1,NoID,405
Bauman_16,7/27/2019,23:55,23,NoID,NA,1,NoID,405
Bauman_16,7/27/2019,23:55,23,NoID,NA,1,NoID,405
Bauman_16,7/27/2019,23:55,23,NoID,NA,1,NoID,405
Bauman_16,7/27/2019,23:55,23,NoID,NA,1,NoID,405
Bauman_16,7/27/2019,23:55,23,NoID,NA,1,NoID,405
Bauman_16,7/27/2019,23:56,23,NoID,NA,1,NoID,405
Bauman_16,7/27/2019,23:56,23,NoID,NA,1,NoID,405
Bauman_16,7/27/2019,23:56,23,NoID,NA,1,NoID,405
Bauman_16,7/27/2019,23:56,23,NoID,NA,1,NoID,405
Bauman_16,7/27/2019,23:58,23,NoID,NA,1,NoID,405
Bauman_16,7/27/2019,23:58,23,NoID,NA,1,NoID,405
Bauman_16,7/28/2019,0:04,0,NoID,NA,1,NoID,405
Bauman_16,7/28/2019,0:05,0,NoID,NA,1,NoID,405
Bauman_16,7/28/2019,4:20,4,NoID,NA,1,NoID,405
Bauman_16,7/28/2019,21:56,21,NoID,NA,1,NoID,405
Bauman_16,7/28/2019,22:20,22,NoID,NA,1,NoID,405
Bauman_16,7/28/2019,23:02,23,NoID,NA,1,NoID,405
Bauman_16,7/28/2019,23:05,23,NoID,NA,1,NoID,405
Bauman_16,7/28/2019,23:09,23,NoID,NA,1,NoID,405
Bauman_17,7/25/2019,22:46,22,EPTFUS,NA,1,EPTFUS,400
Bauman_17,7/27/2019,3:19,3,EPTFUS,NA,1,EPTFUS,400
Bauman_17,7/28/2019,23:44,23,EPTFUS,NA,1,EPTFUS,400
Bauman_17,7/28/2019,23:11,23,EPTFUS,NA,1,EPTFUS,400
Bauman_17,7/27/2019,1:02,1,EPTFUS,NA,1,EPTFUS,400
Bauman_17,7/28/2019,4:09,4,EPTFUS,NA,1,EPTFUS,400
Bauman_17,7/28/2019,23:14,23,EPTFUS,NA,1,EPTFUS,400
Bauman_17,7/28/2019,22:50,22,EPTFUS,NA,1,EPTFUS,400
Bauman_17,7/28/2019,23:48,23,EPTFUS,NA,1,EPTFUS,400
Bauman_17,7/28/2019,23:48,23,EPTFUS,NA,1,EPTFUS,400
Bauman_17,7/26/2019,21:49,21,LASCIN,NA,1,LASCIN,400
Bauman_17,7/27/2019,3:33,3,LASCIN,NA,1,LASCIN,400
Bauman_17,7/27/2019,1:02,1,LASNOC,NA,1,LASNOC,400
Bauman_17,7/28/2019,23:46,23,NYCHUM,NA,1,NYCHUM,400
Bauman_17,7/27/2019,4:01,4,NYCHUM,NA,1,NYCHUM,400
Bauman_17,7/27/2019,0:10,0,NYCHUM,NA,1,NYCHUM,400
Bauman_17,7/26/2019,22:58,22,NYCHUM,NA,1,NYCHUM,400
Bauman_17,7/25/2019,22:08,22,NoID,NA,1,NoID,400
Bauman_17,7/26/2019,1:43,1,NoID,NA,1,NoID,400
Bauman_17,7/26/2019,21:53,21,NoID,NA,1,NoID,400
Bauman_17,7/27/2019,0:15,0,NoID,NA,1,NoID,400
Bauman_17,7/27/2019,2:07,2,NoID,NA,1,NoID,400
Bauman_17,7/27/2019,23:57,23,NoID,NA,1,NoID,400
Bauman_17,7/28/2019,0:27,0,NoID,NA,1,NoID,400
Bauman_17,7/28/2019,1:30,1,NoID,NA,1,NoID,400
Bauman_17,7/28/2019,22:15,22,NoID,NA,1,NoID,400
Bauman_17,7/28/2019,22:57,22,NoID,NA,1,NoID,400
Bauman_17,7/28/2019,23:10,23,NoID,NA,1,NoID,400
Bauman_17,7/28/2019,23:38,23,NoID,NA,1,NoID,400
Bauman_17,7/28/2019,23:49,23,NoID,NA,1,NoID,400
Bauman_17,7/28/2019,23:52,23,NoID,NA,1,NoID,400
Bauman_17,7/28/2019,23:54,23,NoID,NA,1,NoID,400
Bauman_18,7/28/2019,23:44,23,EPTFUS,NA,1,EPTFUS,410
Bauman_18,7/28/2019,23:55,23,EPTFUS,NA,1,EPTFUS,410
Bauman_18,7/28/2019,23:52,23,EPTFUS,NA,1,EPTFUS,410
Bauman_18,7/27/2019,0:54,0,EPTFUS,NA,1,EPTFUS,410
Bauman_18,7/27/2019,2:28,2,EPTFUS,NA,1,EPTFUS,410
Bauman_18,7/28/2019,23:55,23,EPTFUS,NA,1,EPTFUS,410
Bauman_18,7/26/2019,0:14,0,EPTFUS,NA,1,EPTFUS,410
Bauman_18,7/27/2019,2:25,2,LASCIN,Noise,1,Noise,410
Bauman_18,7/28/2019,22:50,22,LASCIN,NA,1,LASCIN,410
Bauman_18,7/28/2019,23:41,23,LASNOC,NA,1,LASNOC,410
Bauman_18,7/27/2019,22:37,22,LASNOC,NA,1,LASNOC,410
Bauman_18,7/26/2019,22:29,22,LASNOC,NA,1,LASNOC,410
Bauman_18,7/28/2019,23:14,23,NYCHUM,NA,1,NYCHUM,410
Bauman_18,7/28/2019,23:27,23,NYCHUM,NA,1,NYCHUM,410
Bauman_18,7/28/2019,0:19,0,NYCHUM,NA,1,NYCHUM,410
Bauman_18,7/27/2019,4:05,4,NYCHUM,NA,1,NYCHUM,410
Bauman_18,7/28/2019,22:01,22,NYCHUM,NA,1,NYCHUM,410
Bauman_18,7/26/2019,4:27,4,NYCHUM,NA,1,NYCHUM,410
Bauman_18,7/27/2019,1:13,1,NYCHUM,NA,1,NYCHUM,410
Bauman_18,7/27/2019,1:13,1,NYCHUM,NA,1,NYCHUM,410
Bauman_18,7/28/2019,22:18,22,NYCHUM,NA,1,NYCHUM,410
Bauman_18,7/26/2019,1:32,1,NoID,NA,1,NoID,410
Bauman_18,7/26/2019,22:29,22,NoID,NA,1,NoID,410
Bauman_18,7/26/2019,23:24,23,NoID,NA,1,NoID,410
Bauman_18,7/27/2019,0:42,0,NoID,NA,1,NoID,410
Bauman_18,7/27/2019,1:01,1,NoID,NA,1,NoID,410
Bauman_18,7/27/2019,1:02,1,NoID,NA,1,NoID,410
Bauman_18,7/27/2019,21:25,21,NoID,NA,1,NoID,410
Bauman_18,7/27/2019,22:26,22,NoID,NA,1,NoID,410
Bauman_18,7/28/2019,1:27,1,NoID,NA,1,NoID,410
Bauman_18,7/28/2019,1:41,1,NoID,NA,1,NoID,410
Bauman_18,7/28/2019,22:16,22,NoID,NA,1,NoID,410
Bauman_18,7/28/2019,22:20,22,NoID,NA,1,NoID,410
Bauman_18,7/27/2019,22:10,22,PERSUB,NA,1,PERSUB,410
Bauman_19,7/27/2019,3:18,3,EPTFUS,NA,1,EPTFUS,437
Bauman_19,7/27/2019,23:39,23,EPTFUS,NA,1,EPTFUS,437
Bauman_19,7/27/2019,22:37,22,EPTFUS,NA,1,EPTFUS,437
Bauman_19,7/28/2019,23:45,23,EPTFUS,NA,1,EPTFUS,437
Bauman_19,7/27/2019,23:39,23,EPTFUS,NA,1,EPTFUS,437
Bauman_19,7/28/2019,23:53,23,EPTFUS,NA,1,EPTFUS,437
Bauman_19,7/28/2019,23:55,23,EPTFUS,NA,1,EPTFUS,437
Bauman_19,7/27/2019,1:01,1,EPTFUS,NA,1,EPTFUS,437
Bauman_19,7/28/2019,23:45,23,EPTFUS,NA,1,EPTFUS,437
Bauman_19,7/27/2019,23:33,23,LASBOR,NA,1,LASBOR,437
Bauman_19,7/27/2019,3:20,3,LASBOR,NA,1,LASBOR,437
Bauman_19,7/28/2019,6:17,6,LASCIN,Noise,1,Noise,437
Bauman_19,7/27/2019,6:30,6,LASCIN,Noise,1,Noise,437
Bauman_19,7/26/2019,6:15,6,LASCIN,Noise,1,Noise,437
Bauman_19,7/27/2019,1:01,1,LASNOC,NA,1,LASNOC,437
Bauman_19,7/28/2019,23:04,23,NYCHUM,NA,1,NYCHUM,437
Bauman_19,7/26/2019,21:52,21,NYCHUM,NA,1,NYCHUM,437
Bauman_19,7/27/2019,23:32,23,NYCHUM,NA,1,NYCHUM,437
Bauman_19,7/27/2019,23:31,23,NYCHUM,NA,1,NYCHUM,437
Bauman_19,7/28/2019,22:28,22,NYCHUM,NA,1,NYCHUM,437
Bauman_19,7/25/2019,21:53,21,NYCHUM,NA,1,NYCHUM,437
Bauman_19,7/25/2019,23:31,23,NoID,NA,1,NoID,437
Bauman_19,7/26/2019,1:32,1,NoID,NA,1,NoID,437
Bauman_19,7/26/2019,2:48,2,NoID,NA,1,NoID,437
Bauman_19,7/26/2019,6:38,6,NoID,NA,1,NoID,437
Bauman_19,7/26/2019,6:39,6,NoID,NA,1,NoID,437
Bauman_19,7/26/2019,6:40,6,NoID,NA,1,NoID,437
Bauman_19,7/26/2019,21:42,21,NoID,NA,1,NoID,437
Bauman_19,7/26/2019,21:57,21,NoID,NA,1,NoID,437
Bauman_19,7/26/2019,22:25,22,NoID,NA,1,NoID,437
Bauman_19,7/27/2019,1:01,1,NoID,NA,1,NoID,437
Bauman_19,7/27/2019,2:19,2,NoID,NA,1,NoID,437
Bauman_19,7/27/2019,22:37,22,NoID,NA,1,NoID,437
Bauman_19,7/27/2019,22:44,22,NoID,NA,1,NoID,437
Bauman_19,7/27/2019,22:44,22,NoID,NA,1,NoID,437
Bauman_19,7/27/2019,23:56,23,NoID,NA,1,NoID,437
Bauman_19,7/28/2019,6:16,6,NoID,NA,1,NoID,437
Bauman_19,7/28/2019,6:18,6,NoID,NA,1,NoID,437
Bauman_19,7/28/2019,23:53,23,NoID,NA,1,NoID,437
Bauman_19,7/28/2019,23:55,23,NoID,NA,1,NoID,437
Bauman_20,7/28/2019,23:45,23,EPTFUS,NA,1,EPTFUS,485
Bauman_20,7/26/2019,22:26,22,EPTFUS,NA,1,EPTFUS,485
Bauman_20,7/26/2019,21:52,21,NYCHUM,NA,1,NYCHUM,485
Bauman_20,7/28/2019,23:49,23,NYCHUM,NA,1,NYCHUM,485
Bauman_20,7/28/2019,22:17,22,NYCHUM,NA,1,NYCHUM,485
Bauman_20,7/26/2019,22:26,22,NoID,NA,1,NoID,485
Bauman_20,7/26/2019,22:26,22,NoID,NA,1,NoID,485
Bauman_20,7/26/2019,23:43,23,NoID,NA,1,NoID,485
Bauman_20,7/26/2019,23:43,23,NoID,NA,1,NoID,485
Bauman_20,7/27/2019,0:53,0,NoID,NA,1,NoID,485
Bauman_20,7/27/2019,21:56,21,NoID,NA,1,NoID,485
Bauman_20,7/28/2019,22:39,22,NoID,NA,1,NoID,485
Bauman_20,7/28/2019,23:09,23,NoID,NA,1,NoID,485
Bauman_20,7/28/2019,23:45,23,NoID,NA,1,NoID,485
Bauman_20,7/28/2019,23:49,23,NoID,NA,1,NoID,485
Bauman_20,7/28/2019,23:53,23,NoID,NA,1,NoID,485
Bauman_20,7/28/2019,23:53,23,NoID,NA,1,NoID,485
Bauman_20,7/28/2019,23:53,23,NoID,NA,1,NoID,485
Bauman_21,7/28/2019,0:29,0,EPTFUS,NA,1,EPTFUS,500
Bauman_21,7/27/2019,2:28,2,EPTFUS,NA,1,EPTFUS,500
Bauman_21,7/27/2019,22:45,22,EPTFUS,NA,1,EPTFUS,500
Bauman_21,7/28/2019,0:29,0,EPTFUS,NA,1,EPTFUS,500
Bauman_21,7/26/2019,1:43,1,EPTFUS,NA,1,EPTFUS,500
Bauman_21,7/28/2019,23:23,23,EPTFUS,NA,1,EPTFUS,500
Bauman_21,7/28/2019,23:17,23,EPTFUS,NA,1,EPTFUS,500
Bauman_21,7/28/2019,23:14,23,EPTFUS,NA,1,EPTFUS,500
Bauman_21,7/27/2019,22:37,22,EPTFUS,NA,1,EPTFUS,500
Bauman_21,7/27/2019,2:39,2,LASBOR,NA,1,LASBOR,500
Bauman_21,7/27/2019,3:33,3,LASCIN,NA,1,LASCIN,500
Bauman_21,7/26/2019,1:43,1,LASCIN,NA,1,LASCIN,500
Bauman_21,7/25/2019,22:08,22,LASNOC,NA,1,LASNOC,500
Bauman_21,7/27/2019,21:38,21,LASNOC,NA,1,LASNOC,500
Bauman_21,7/28/2019,22:40,22,NYCHUM,NA,1,NYCHUM,500
Bauman_21,7/27/2019,22:31,22,NYCHUM,NA,1,NYCHUM,500
Bauman_21,7/26/2019,21:43,21,NYCHUM,NA,1,NYCHUM,500
Bauman_21,7/27/2019,3:47,3,NYCHUM,NA,1,NYCHUM,500
Bauman_21,7/26/2019,5:19,5,NYCHUM,NA,1,NYCHUM,500
Bauman_21,7/26/2019,0:35,0,NYCHUM,NA,1,NYCHUM,500
Bauman_21,7/27/2019,22:38,22,NYCHUM,NA,1,NYCHUM,500
Bauman_21,7/25/2019,23:03,23,NYCHUM,NA,1,NYCHUM,500
Bauman_21,7/28/2019,1:27,1,NYCHUM,NA,1,NYCHUM,500
Bauman_21,7/27/2019,1:09,1,NYCHUM,NA,1,NYCHUM,500
Bauman_21,7/25/2019,21:45,21,NoID,NA,1,NoID,500
Bauman_21,7/26/2019,1:19,1,NoID,NA,1,NoID,500
Bauman_21,7/27/2019,21:38,21,NoID,NA,1,NoID,500
Bauman_21,7/28/2019,1:11,1,NoID,NA,1,NoID,500
Bauman_21,7/28/2019,22:04,22,NoID,NA,1,NoID,500
Bauman_21,7/28/2019,22:14,22,NoID,NA,1,NoID,500
Bauman_21,7/28/2019,22:22,22,NoID,NA,1,NoID,500
Bauman_21,7/28/2019,22:27,22,NoID,NA,1,NoID,500
Bauman_21,7/28/2019,23:19,23,NoID,NA,1,NoID,500
Bauman_21,7/28/2019,23:48,23,NoID,NA,1,NoID,500
Bauman_21,7/28/2019,23:56,23,NoID,NA,1,NoID,500
Bauman_22,7/28/2019,1:40,1,EPTFUS,NA,1,EPTFUS,507
Bauman_22,7/27/2019,2:14,2,EPTFUS,NA,1,EPTFUS,507
Bauman_22,7/27/2019,3:26,3,EPTFUS,NA,1,EPTFUS,507
Bauman_22,7/28/2019,1:41,1,EPTFUS,NA,1,EPTFUS,507
Bauman_22,7/26/2019,22:06,22,EPTFUS,NA,1,EPTFUS,507
Bauman_22,7/25/2019,22:45,22,EPTFUS,NA,1,EPTFUS,507
Bauman_22,7/27/2019,3:06,3,EPTFUS,NA,1,EPTFUS,507
Bauman_22,7/28/2019,23:48,23,EPTFUS,NA,1,EPTFUS,507
Bauman_22,7/26/2019,0:14,0,EPTFUS,NA,1,EPTFUS,507
Bauman_22,7/28/2019,22:57,22,EPTFUS,NA,1,EPTFUS,507
Bauman_22,7/26/2019,23:43,23,LASBOR,NA,1,LASBOR,507
Bauman_22,7/27/2019,2:07,2,LASBOR,NA,1,LASBOR,507
Bauman_22,7/27/2019,2:30,2,LASBOR,NA,1,LASBOR,507
Bauman_22,7/27/2019,21:36,21,LASCIN,NA,1,LASCIN,507
Bauman_22,7/26/2019,1:32,1,LASCIN,NA,1,LASCIN,507
Bauman_22,7/28/2019,23:10,23,LASNOC,NA,1,LASNOC,507
Bauman_22,7/28/2019,22:33,22,NYCHUM,NA,1,NYCHUM,507
Bauman_22,7/27/2019,2:34,2,NYCHUM,NA,1,NYCHUM,507
Bauman_22,7/28/2019,23:05,23,NYCHUM,NA,1,NYCHUM,507
Bauman_22,7/28/2019,22:43,22,NYCHUM,NA,1,NYCHUM,507
Bauman_22,7/28/2019,22:31,22,NYCHUM,NA,1,NYCHUM,507
Bauman_22,7/28/2019,22:06,22,NYCHUM,NA,1,NYCHUM,507
Bauman_22,7/26/2019,23:25,23,NYCHUM,NA,1,NYCHUM,507
Bauman_22,7/27/2019,21:55,21,NYCHUM,NA,1,NYCHUM,507
Bauman_22,7/28/2019,2:43,2,NYCHUM,NA,1,NYCHUM,507
Bauman_22,7/26/2019,1:32,1,NoID,NA,1,NoID,507
Bauman_22,7/26/2019,21:31,21,NoID,NA,1,NoID,507
Bauman_22,7/26/2019,22:28,22,NoID,NA,1,NoID,507
Bauman_22,7/26/2019,22:28,22,NoID,NA,1,NoID,507
Bauman_22,7/26/2019,22:50,22,NoID,NA,1,NoID,507
Bauman_22,7/27/2019,0:42,0,NoID,NA,1,NoID,507
Bauman_22,7/27/2019,3:51,3,NoID,NA,1,NoID,507
Bauman_22,7/28/2019,22:24,22,NoID,NA,1,NoID,507
Bauman_22,7/28/2019,22:39,22,NoID,NA,1,NoID,507
Bauman_22,7/28/2019,23:17,23,NoID,NA,1,NoID,507
Bauman_22,7/28/2019,23:41,23,NoID,NA,1,NoID,507
Bauman_23,7/26/2019,23:43,23,EPTFUS,NA,1,EPTFUS,530
Bauman_23,7/26/2019,23:17,23,EPTFUS,NA,1,EPTFUS,530
Bauman_23,7/28/2019,22:57,22,EPTFUS,NA,1,EPTFUS,530
Bauman_23,7/26/2019,22:25,22,EPTFUS,NA,1,EPTFUS,530
Bauman_23,7/28/2019,23:10,23,EPTFUS,NA,1,EPTFUS,530
Bauman_23,7/26/2019,1:32,1,EPTFUS,NA,1,EPTFUS,530
Bauman_23,7/28/2019,23:11,23,NYCHUM,NA,1,NYCHUM,530
Bauman_23,7/26/2019,22:16,22,NYCHUM,NA,1,NYCHUM,530
Bauman_23,7/28/2019,23:48,23,NYCHUM,NA,1,NYCHUM,530
Bauman_23,7/27/2019,23:11,23,NYCHUM,NA,1,NYCHUM,530
Bauman_23,7/28/2019,23:11,23,NYCHUM,NA,1,NYCHUM,530
Bauman_23,7/28/2019,23:03,23,NYCHUM,NA,1,NYCHUM,530
Bauman_23,7/28/2019,22:43,22,NYCHUM,NA,1,NYCHUM,530
Bauman_23,7/28/2019,21:50,21,NYCHUM,NA,1,NYCHUM,530
Bauman_23,7/27/2019,22:39,22,NYCHUM,NA,1,NYCHUM,530
Bauman_23,7/27/2019,2:31,2,NYCHUM,NA,1,NYCHUM,530
Bauman_23,7/25/2019,22:47,22,NYCHUM,NA,1,NYCHUM,530
Bauman_23,7/27/2019,0:55,0,NYCHUM,NA,1,NYCHUM,530
Bauman_23,7/28/2019,0:19,0,NYCHUM,NA,1,NYCHUM,530
Bauman_23,7/26/2019,21:56,21,NoID,NA,1,NoID,530
Bauman_23,7/26/2019,23:54,23,NoID,NA,1,NoID,530
Bauman_23,7/27/2019,22:46,22,NoID,NA,1,NoID,530
Bauman_23,7/28/2019,0:48,0,NoID,NA,1,NoID,530
Bauman_23,7/28/2019,22:01,22,NoID,NA,1,NoID,530
Bauman_23,7/28/2019,23:57,23,NoID,NA,1,NoID,530
Bauman_23,7/25/2019,22:25,22,PERSUB,NA,1,PERSUB,530
Bauman_24,7/28/2019,22:03,22,EPTFUS,NA,1,EPTFUS,570
Bauman_24,7/28/2019,23:30,23,EPTFUS,NA,1,EPTFUS,570
Bauman_24,7/28/2019,22:57,22,EPTFUS,NA,1,EPTFUS,570
Bauman_24,7/27/2019,1:50,1,EPTFUS,NA,1,EPTFUS,570
Bauman_24,7/27/2019,2:05,2,LASBOR,NA,1,LASBOR,570
Bauman_24,7/27/2019,21:18,21,LASCIN,Noise,1,Noise,570
Bauman_24,7/25/2019,23:31,23,LASCIN,NA,1,LASCIN,570
Bauman_24,7/28/2019,22:03,22,LASCIN,NA,1,LASCIN,570
Bauman_24,7/25/2019,23:31,23,LASCIN,NA,1,LASCIN,570
Bauman_24,7/26/2019,21:49,21,LASCIN,NA,1,LASCIN,570
Bauman_24,7/27/2019,23:31,23,NYCHUM,NA,1,NYCHUM,570
Bauman_24,7/26/2019,21:58,21,NYCHUM,NA,1,NYCHUM,570
Bauman_24,7/28/2019,23:57,23,NYCHUM,NA,1,NYCHUM,570
Bauman_24,7/27/2019,5:28,5,NYCHUM,NA,1,NYCHUM,570
Bauman_24,7/28/2019,23:11,23,NYCHUM,NA,1,NYCHUM,570
Bauman_24,7/28/2019,23:08,23,NYCHUM,NA,1,NYCHUM,570
Bauman_24,7/26/2019,4:18,4,NYCHUM,NA,1,NYCHUM,570
Bauman_24,7/28/2019,22:29,22,NYCHUM,NA,1,NYCHUM,570
Bauman_24,7/28/2019,23:12,23,NYCHUM,NA,1,NYCHUM,570
Bauman_24,7/25/2019,23:48,23,NoID,NA,1,NoID,570
Bauman_24,7/25/2019,23:55,23,NoID,NA,1,NoID,570
Bauman_24,7/26/2019,23:20,23,NoID,NA,1,NoID,570
Bauman_24,7/26/2019,23:53,23,NoID,NA,1,NoID,570
Bauman_24,7/27/2019,1:07,1,NoID,NA,1,NoID,570
Bauman_24,7/27/2019,2:09,2,NoID,NA,1,NoID,570
Bauman_24,7/27/2019,5:56,5,NoID,NA,1,NoID,570
Bauman_24,7/27/2019,5:56,5,NoID,NA,1,NoID,570
Bauman_24,7/27/2019,5:56,5,NoID,NA,1,NoID,570
Bauman_24,7/27/2019,5:56,5,NoID,NA,1,NoID,570
Bauman_24,7/27/2019,5:57,5,NoID,NA,1,NoID,570
Bauman_24,7/28/2019,21:31,21,NoID,NA,1,NoID,570
Bauman_24,7/28/2019,22:27,22,NoID,NA,1,NoID,570
Bauman_24,7/28/2019,22:41,22,NoID,NA,1,NoID,570
Bauman_24,7/28/2019,23:36,23,NoID,NA,1,NoID,570
