Detector,FOLDER_Date,DATE,TIME_24,HOUR_24,AUTO_ID,MANUAL_ID,Count,Bat_ID,Distance_m
Mulder1_01,20190718,7/19/2019,2:59,2,EPTFUS,NA,1,EPTFUS,245
Mulder1_01,20190716,7/17/2019,0:55,0,EPTFUS,NA,1,EPTFUS,245
Mulder1_01,20190721,7/21/2019,23:50,23,EPTFUS,NA,1,EPTFUS,245
Mulder1_01,20190721,7/22/2019,0:56,0,EPTFUS,NA,1,EPTFUS,245
Mulder1_01,20190721,7/22/2019,1:02,1,EPTFUS,NA,1,EPTFUS,245
Mulder1_01,20190722,7/23/2019,0:13,0,EPTFUS,NA,1,EPTFUS,245
Mulder1_01,20190721,7/21/2019,21:37,21,LASBOR,NA,1,LASBOR,245
Mulder1_01,20190721,7/21/2019,22:35,22,LASBOR,NA,1,LASBOR,245
Mulder1_01,20190716,7/16/2019,23:54,23,LASBOR,NA,1,LASBOR,245
Mulder1_01,20190716,7/16/2019,22:19,22,LASBOR,NA,1,LASBOR,245
Mulder1_01,20190722,7/23/2019,2:59,2,LASBOR,NA,1,LASBOR,245
Mulder1_01,20190716,7/16/2019,23:25,23,LASBOR,NA,1,LASBOR,245
Mulder1_01,20190716,7/16/2019,22:47,22,LASCIN,NA,1,LASCIN,245
Mulder1_01,20190721,7/22/2019,0:20,0,LASCIN,NA,1,LASCIN,245
Mulder1_01,20190722,7/23/2019,3:00,3,LASCIN,NoID,1,NoID,245
Mulder1_01,20190722,7/23/2019,5:07,5,LASCIN,NoID,1,NoID,245
Mulder1_01,20190721,7/22/2019,3:42,3,LASCIN,Noise,1,Noise,245
Mulder1_01,20190721,7/21/2019,22:55,22,LASCIN,NA,1,LASCIN,245
Mulder1_01,20190722,7/23/2019,3:52,3,LASCIN,Noise,1,Noise,245
Mulder1_01,20190721,7/22/2019,3:29,3,LASCIN,NA,1,LASCIN,245
Mulder1_01,20190721,7/22/2019,2:11,2,LASCIN,NA,1,LASCIN,245
Mulder1_01,20190716,7/17/2019,0:33,0,LASCIN,NoID,1,NoID,245
Mulder1_01,20190716,7/16/2019,22:14,22,LASCIN,NoID,1,NoID,245
Mulder1_01,20190721,7/21/2019,21:10,21,LASCIN,Noise,1,Noise,245
Mulder1_01,20190716,7/17/2019,0:38,0,LASCIN,NoID,1,NoID,245
Mulder1_01,20190722,7/22/2019,22:33,22,MYOLUC,NA,1,MYOLUC,245
Mulder1_01,20190716,7/17/2019,0:02,0,NYCHUM,NA,1,NYCHUM,245
Mulder1_01,20190718,7/19/2019,1:41,1,NYCHUM,NA,1,NYCHUM,245
Mulder1_01,20190721,7/22/2019,4:14,4,NYCHUM,NoID,1,NoID,245
Mulder1_01,20190716,7/17/2019,4:18,4,NYCHUM,NoID,1,NoID,245
Mulder1_01,20190722,7/22/2019,22:32,22,NYCHUM,NA,1,NYCHUM,245
Mulder1_02,20190721,7/22/2019,0:37,0,EPTFUS,NA,1,EPTFUS,260
Mulder1_02,20190721,7/21/2019,23:00,23,EPTFUS,NA,1,EPTFUS,260
Mulder1_02,20190722,7/23/2019,0:50,0,EPTFUS,NA,1,EPTFUS,260
Mulder1_02,20190721,7/22/2019,0:08,0,EPTFUS,NoID,1,NoID,260
Mulder1_02,20190722,7/22/2019,22:03,22,LASBOR,NA,1,LASBOR,260
Mulder1_02,20190721,7/21/2019,21:38,21,LASBOR,NA,1,LASBOR,260
Mulder1_02,20190722,7/22/2019,21:41,21,LASBOR,NoID,1,NoID,260
Mulder1_02,20190721,7/22/2019,4:15,4,LASBOR,NA,1,LASBOR,260
Mulder1_02,20190721,7/21/2019,22:24,22,LASCIN,NoID,1,NoID,260
Mulder1_02,20190721,7/22/2019,4:57,4,LASCIN,NoID,1,NoID,260
Mulder1_02,20190721,7/22/2019,3:13,3,LASCIN,NoID,1,NoID,260
Mulder1_02,20190716,7/17/2019,2:10,2,LASCIN,NoID,1,NoID,260
Mulder1_02,20190722,7/23/2019,2:41,2,LASCIN,NoID,1,NoID,260
Mulder1_02,20190722,7/23/2019,0:18,0,LASCIN,NA,1,LASCIN,260
Mulder1_02,20190721,7/21/2019,23:23,23,MYOSEP,NA,1,MYOSEP,260
Mulder1_02,20190716,7/17/2019,4:18,4,MYOSEP,NA,1,MYOSEP,260
Mulder1_02,20190716,7/16/2019,22:19,22,NYCHUM,NA,1,NYCHUM,260
Mulder1_02,20190722,7/22/2019,22:44,22,NYCHUM,NA,1,NYCHUM,260
Mulder1_02,20190721,7/21/2019,21:31,21,NYCHUM,NoID,1,NoID,260
Mulder1_02,20190721,7/22/2019,2:10,2,NYCHUM,NoID,1,NoID,260
Mulder1_03,20190721,7/21/2019,22:38,22,EPTFUS,NA,1,EPTFUS,300
Mulder1_03,20190721,7/22/2019,0:09,0,EPTFUS,NA,1,EPTFUS,300
Mulder1_03,20190721,7/21/2019,23:03,23,EPTFUS,NA,1,EPTFUS,300
Mulder1_03,20190716,7/16/2019,23:05,23,EPTFUS,NA,1,EPTFUS,300
Mulder1_03,20190721,7/21/2019,22:38,22,EPTFUS,NA,1,EPTFUS,300
Mulder1_03,20190722,7/23/2019,1:21,1,EPTFUS,NoID,1,NoID,300
Mulder1_03,20190721,7/21/2019,21:38,21,LASBOR,NA,1,LASBOR,300
Mulder1_03,20190721,7/22/2019,2:13,2,LASBOR,NA,1,LASBOR,300
Mulder1_03,20190722,7/22/2019,23:20,23,LASBOR,NA,1,LASBOR,300
Mulder1_03,20190722,7/23/2019,2:02,2,LASBOR,NA,1,LASBOR,300
Mulder1_03,20190716,7/17/2019,1:48,1,LASCIN,NA,1,LASCIN,300
Mulder1_03,20190722,7/22/2019,22:20,22,LASCIN,Noise,1,Noise,300
Mulder1_03,20190722,7/23/2019,0:06,0,LASCIN,NA,1,LASCIN,300
Mulder1_03,20190722,7/22/2019,23:20,23,LASCIN,NA,1,LASCIN,300
Mulder1_03,20190716,7/17/2019,0:26,0,LASCIN,Noise,1,Noise,300
Mulder1_03,20190718,7/18/2019,23:37,23,LASCIN,Noise,1,Noise,300
Mulder1_03,20190716,7/17/2019,1:48,1,LASCIN,Noise,1,Noise,300
Mulder1_03,20190718,7/19/2019,4:43,4,LASCIN,NoID,1,NoID,300
Mulder1_03,20190721,7/22/2019,4:57,4,LASCIN,NoID,1,NoID,300
Mulder1_03,20190716,7/16/2019,22:56,22,NYCHUM,NA,1,NYCHUM,300
Mulder1_03,20190721,7/21/2019,21:33,21,NYCHUM,NA,1,NYCHUM,300
Mulder1_03,20190721,7/21/2019,21:32,21,NYCHUM,NA,1,NYCHUM,300
Mulder1_03,20190721,7/22/2019,2:55,2,NYCHUM,NA,1,NYCHUM,300
Mulder1_03,20190722,7/22/2019,23:06,23,NYCHUM,NA,1,NYCHUM,300
Mulder1_04,20190718,7/19/2019,1:42,1,EPTFUS,NA,1,EPTFUS,368
Mulder1_04,20190718,7/18/2019,23:43,23,EPTFUS,NA,1,EPTFUS,368
Mulder1_04,20190716,7/17/2019,1:47,1,LASCIN,NA,1,LASCIN,368
Mulder1_04,20190716,7/17/2019,2:55,2,LASCIN,NA,1,LASCIN,368
Mulder1_04,20190722,7/22/2019,23:21,23,LASCIN,NA,1,LASCIN,368
Mulder1_04,20190722,7/22/2019,22:22,22,LASCIN,NA,1,LASCIN,368
Mulder1_04,20190716,7/16/2019,23:07,23,NYCHUM,NA,1,NYCHUM,368
Mulder1_04,20190716,7/16/2019,22:55,22,NYCHUM,NA,1,NYCHUM,368
Mulder1_04,20190716,7/16/2019,22:31,22,NYCHUM,NA,1,NYCHUM,368
Mulder1_05,20190718,7/19/2019,4:41,4,EPTFUS,NA,1,EPTFUS,342
Mulder1_05,20190721,7/22/2019,3:51,3,EPTFUS,NA,1,EPTFUS,342
Mulder1_05,20190716,7/17/2019,2:30,2,EPTFUS,NA,1,EPTFUS,342
Mulder1_05,20190721,7/22/2019,1:02,1,EPTFUS,NA,1,EPTFUS,342
Mulder1_05,20190721,7/22/2019,1:01,1,EPTFUS,NA,1,EPTFUS,342
Mulder1_05,20190722,7/22/2019,22:52,22,EPTFUS,NA,1,EPTFUS,342
Mulder1_05,20190716,7/16/2019,22:53,22,EPTFUS,NoID,1,NoID,342
Mulder1_05,20190722,7/22/2019,22:34,22,EPTFUS,NA,1,EPTFUS,342
Mulder1_05,20190721,7/22/2019,0:08,0,EPTFUS,NoID,1,NoID,342
Mulder1_05,20190721,7/21/2019,23:43,23,EPTFUS,NoID,1,NoID,342
Mulder1_05,20190718,7/19/2019,4:49,4,LASBOR,NA,1,LASBOR,342
Mulder1_05,20190716,7/16/2019,23:54,23,LASBOR,NA,1,LASBOR,342
Mulder1_05,20190722,7/23/2019,2:42,2,LASBOR,NA,1,LASBOR,342
Mulder1_05,20190721,7/22/2019,2:13,2,LASBOR,NA,1,LASBOR,342
Mulder1_05,20190722,7/23/2019,3:51,3,LASCIN,NoID,1,NoID,342
Mulder1_05,20190716,7/16/2019,22:47,22,LASCIN,NA,1,LASCIN,342
Mulder1_05,20190716,7/16/2019,21:59,21,LASCIN,NA,1,LASCIN,342
Mulder1_05,20190722,7/22/2019,20:49,20,LASCIN,Noise,1,Noise,342
Mulder1_05,20190721,7/22/2019,4:39,4,LASCIN,NA,1,LASCIN,342
Mulder1_05,20190716,7/17/2019,5:36,5,LASCIN,Noise,1,Noise,342
Mulder1_05,20190721,7/22/2019,6:36,6,LASCIN,Noise,1,Noise,342
Mulder1_05,20190721,7/22/2019,6:21,6,LASCIN,Noise,1,Noise,342
Mulder1_05,20190721,7/22/2019,6:23,6,LASCIN,Noise,1,Noise,342
Mulder1_05,20190722,7/22/2019,21:44,21,LASCIN,NoID,1,NoID,342
Mulder1_05,20190716,7/17/2019,5:42,5,LASCIN,Noise,1,Noise,342
Mulder1_05,20190716,7/17/2019,5:36,5,LASCIN,Noise,1,Noise,342
Mulder1_05,20190721,7/21/2019,20:31,20,LASCIN,Noise,1,Noise,342
Mulder1_05,20190721,7/21/2019,21:02,21,LASCIN,Noise,1,Noise,342
Mulder1_05,20190721,7/22/2019,6:07,6,LASCIN,Noise,1,Noise,342
Mulder1_05,20190716,7/17/2019,5:37,5,LASCIN,Noise,1,Noise,342
Mulder1_05,20190721,7/21/2019,20:37,20,LASCIN,Noise,1,Noise,342
Mulder1_05,20190721,7/22/2019,6:15,6,LASCIN,Noise,1,Noise,342
Mulder1_05,20190721,7/22/2019,6:29,6,LASCIN,Noise,1,Noise,342
Mulder1_05,20190721,7/22/2019,6:17,6,LASCIN,Noise,1,Noise,342
Mulder1_05,20190716,7/17/2019,5:43,5,LASCIN,Noise,1,Noise,342
Mulder1_05,20190721,7/21/2019,20:25,20,LASCIN,Noise,1,Noise,342
Mulder1_05,20190721,7/21/2019,20:31,20,LASCIN,Noise,1,Noise,342
Mulder1_05,20190721,7/22/2019,6:35,6,LASCIN,Noise,1,Noise,342
Mulder1_05,20190716,7/17/2019,5:39,5,LASCIN,Noise,1,Noise,342
Mulder1_05,20190716,7/17/2019,0:28,0,LASCIN,NoID,1,NoID,342
Mulder1_05,20190722,7/23/2019,6:04,6,LASCIN,Noise,1,Noise,342
Mulder1_05,20190716,7/17/2019,5:43,5,LASCIN,Noise,1,Noise,342
Mulder1_05,20190721,7/21/2019,20:31,20,LASCIN,Noise,1,Noise,342
Mulder1_05,20190721,7/22/2019,6:16,6,LASCIN,Noise,1,Noise,342
Mulder1_05,20190721,7/22/2019,6:21,6,LASCIN,Noise,1,Noise,342
Mulder1_05,20190721,7/22/2019,5:45,5,LASCIN,Noise,1,Noise,342
Mulder1_05,20190721,7/22/2019,6:20,6,LASCIN,Noise,1,Noise,342
Mulder1_05,20190721,7/21/2019,20:25,20,LASCIN,Noise,1,Noise,342
Mulder1_05,20190716,7/16/2019,22:14,22,LASCIN,NoID,1,NoID,342
Mulder1_05,20190718,7/19/2019,6:31,6,LASCIN,Noise,1,Noise,342
Mulder1_05,20190721,7/22/2019,6:08,6,LASCIN,Noise,1,Noise,342
Mulder1_05,20190716,7/17/2019,5:36,5,LASCIN,Noise,1,Noise,342
Mulder1_05,20190721,7/22/2019,6:23,6,LASCIN,Noise,1,Noise,342
Mulder1_05,20190716,7/17/2019,5:35,5,LASCIN,Noise,1,Noise,342
Mulder1_05,20190721,7/22/2019,6:33,6,LASCIN,Noise,1,Noise,342
Mulder1_05,20190722,7/22/2019,20:49,20,LASCIN,Noise,1,Noise,342
Mulder1_05,20190721,7/22/2019,6:18,6,LASCIN,Noise,1,Noise,342
Mulder1_05,20190721,7/22/2019,6:05,6,LASCIN,Noise,1,Noise,342
Mulder1_05,20190721,7/22/2019,6:33,6,LASCIN,Noise,1,Noise,342
Mulder1_05,20190721,7/22/2019,6:10,6,LASCIN,Noise,1,Noise,342
Mulder1_05,20190722,7/23/2019,0:18,0,LASCIN,NoID,1,NoID,342
Mulder1_05,20190718,7/18/2019,21:08,21,LASCIN,Noise,1,Noise,342
Mulder1_05,20190721,7/21/2019,20:45,20,LASCIN,Noise,1,Noise,342
Mulder1_05,20190721,7/21/2019,20:26,20,LASCIN,Noise,1,Noise,342
Mulder1_05,20190721,7/22/2019,6:22,6,LASCIN,Noise,1,Noise,342
Mulder1_05,20190721,7/22/2019,6:02,6,LASCIN,Noise,1,Noise,342
Mulder1_05,20190721,7/22/2019,5:46,5,LASCIN,Noise,1,Noise,342
Mulder1_05,20190721,7/22/2019,6:15,6,LASCIN,Noise,1,Noise,342
Mulder1_05,20190721,7/21/2019,20:25,20,LASCIN,Noise,1,Noise,342
Mulder1_05,20190716,7/17/2019,5:42,5,LASCIN,Noise,1,Noise,342
Mulder1_05,20190716,7/17/2019,5:38,5,LASCIN,Noise,1,Noise,342
Mulder1_05,20190721,7/21/2019,20:27,20,LASCIN,Noise,1,Noise,342
Mulder1_05,20190721,7/22/2019,6:34,6,LASCIN,Noise,1,Noise,342
Mulder1_05,20190718,7/18/2019,21:03,21,LASCIN,Noise,1,Noise,342
Mulder1_05,20190721,7/21/2019,20:26,20,LASCIN,Noise,1,Noise,342
Mulder1_05,20190721,7/22/2019,6:04,6,LASCIN,Noise,1,Noise,342
Mulder1_05,20190722,7/22/2019,20:41,20,LASCIN,Noise,1,Noise,342
Mulder1_05,20190716,7/17/2019,6:20,6,LASCIN,Noise,1,Noise,342
Mulder1_05,20190716,7/17/2019,6:27,6,LASCIN,Noise,1,Noise,342
Mulder1_05,20190721,7/22/2019,6:12,6,LASCIN,Noise,1,Noise,342
Mulder1_05,20190721,7/22/2019,6:34,6,LASCIN,Noise,1,Noise,342
Mulder1_05,20190718,7/18/2019,20:24,20,LASCIN,Noise,1,Noise,342
Mulder1_05,20190718,7/19/2019,6:31,6,LASCIN,Noise,1,Noise,342
Mulder1_05,20190721,7/22/2019,6:36,6,LASCIN,Noise,1,Noise,342
Mulder1_05,20190721,7/22/2019,2:43,2,LASNOC,NA,1,LASNOC,342
Mulder1_05,20190721,7/22/2019,0:33,0,LASNOC,NA,1,LASNOC,342
Mulder1_05,20190721,7/22/2019,5:21,5,NYCHUM,NA,1,NYCHUM,342
Mulder1_05,20190722,7/22/2019,22:44,22,NYCHUM,NoID,1,NoID,342
Mulder1_05,20190716,7/16/2019,22:58,22,NYCHUM,NoID,1,NoID,342
Mulder1_05,20190721,7/22/2019,2:55,2,NYCHUM,NA,1,NYCHUM,342
Mulder1_05,20190716,7/16/2019,23:07,23,NYCHUM,NoID,1,NoID,342
Mulder1_06,20190718,7/19/2019,2:32,2,EPTFUS,NA,1,EPTFUS,356
Mulder1_06,20190721,7/21/2019,23:00,23,EPTFUS,NA,1,EPTFUS,356
Mulder1_06,20190721,7/21/2019,23:50,23,EPTFUS,NA,1,EPTFUS,356
Mulder1_06,20190722,7/22/2019,22:37,22,EPTFUS,NA,1,EPTFUS,356
Mulder1_06,20190716,7/16/2019,22:53,22,EPTFUS,NA,1,EPTFUS,356
Mulder1_06,20190722,7/22/2019,22:52,22,EPTFUS,NA,1,EPTFUS,356
Mulder1_06,20190722,7/22/2019,22:34,22,EPTFUS,NA,1,EPTFUS,356
Mulder1_06,20190718,7/19/2019,4:41,4,EPTFUS,NoID,1,NoID,356
Mulder1_06,20190721,7/22/2019,3:02,3,LASBOR,NA,1,LASBOR,356
Mulder1_06,20190722,7/22/2019,23:28,23,LASBOR,NA,1,LASBOR,356
Mulder1_06,20190721,7/22/2019,2:47,2,LASBOR,NA,1,LASBOR,356
Mulder1_06,20190716,7/17/2019,1:48,1,LASCIN,NA,1,LASCIN,356
Mulder1_06,20190722,7/23/2019,3:01,3,LASCIN,Noise,1,Noise,356
Mulder1_06,20190722,7/23/2019,3:52,3,LASCIN,NoID,1,NoID,356
Mulder1_06,20190718,7/19/2019,5:43,5,LASCIN,Noise,1,Noise,356
Mulder1_06,20190716,7/17/2019,5:53,5,LASCIN,Noise,1,Noise,356
Mulder1_06,20190716,7/16/2019,20:52,20,LASCIN,Noise,1,Noise,356
Mulder1_06,20190721,7/22/2019,5:41,5,LASCIN,Noise,1,Noise,356
Mulder1_06,20190716,7/17/2019,0:29,0,LASCIN,NoID,1,NoID,356
Mulder1_06,20190716,7/17/2019,5:51,5,LASCIN,Noise,1,Noise,356
Mulder1_06,20190716,7/17/2019,5:54,5,LASCIN,Noise,1,Noise,356
Mulder1_06,20190716,7/17/2019,5:52,5,LASCIN,Noise,1,Noise,356
Mulder1_06,20190721,7/22/2019,5:42,5,LASCIN,Noise,1,Noise,356
Mulder1_06,20190716,7/17/2019,5:54,5,LASCIN,Noise,1,Noise,356
Mulder1_06,20190722,7/23/2019,4:05,4,LASCIN,Noise,1,Noise,356
Mulder1_06,20190721,7/22/2019,5:43,5,LASCIN,Noise,1,Noise,356
Mulder1_06,20190716,7/17/2019,2:09,2,LASCIN,NoID,1,NoID,356
Mulder1_06,20190716,7/17/2019,5:53,5,LASCIN,Noise,1,Noise,356
Mulder1_06,20190716,7/17/2019,5:54,5,LASCIN,Noise,1,Noise,356
Mulder1_06,20190721,7/21/2019,23:13,23,LASCIN,NoID,1,NoID,356
Mulder1_06,20190722,7/23/2019,0:38,0,LASCIN,NA,1,LASCIN,356
Mulder1_06,20190721,7/22/2019,5:42,5,LASCIN,Noise,1,Noise,356
Mulder1_06,20190721,7/22/2019,3:26,3,LASCIN,NA,1,LASCIN,356
Mulder1_06,20190718,7/19/2019,5:50,5,LASCIN,Noise,1,Noise,356
Mulder1_06,20190716,7/16/2019,20:53,20,LASCIN,Noise,1,Noise,356
Mulder1_06,20190716,7/17/2019,5:46,5,LASCIN,Noise,1,Noise,356
Mulder1_06,20190716,7/17/2019,0:26,0,LASCIN,NoID,1,NoID,356
Mulder1_06,20190721,7/22/2019,3:12,3,LASCIN,Noise,1,Noise,356
Mulder1_06,20190721,7/22/2019,1:58,1,LASCIN,NoID,1,NoID,356
Mulder1_06,20190721,7/21/2019,23:50,23,LASCIN,NA,1,LASCIN,356
Mulder1_06,20190721,7/21/2019,22:27,22,LASCIN,NoID,1,NoID,356
Mulder1_06,20190721,7/21/2019,22:41,22,LASNOC,NA,1,LASNOC,356
Mulder1_06,20190716,7/16/2019,22:03,22,NYCHUM,NA,1,NYCHUM,356
Mulder1_06,20190716,7/16/2019,22:54,22,NYCHUM,NA,1,NYCHUM,356
Mulder1_06,20190721,7/22/2019,1:33,1,NYCHUM,NA,1,NYCHUM,356
Mulder1_06,20190722,7/23/2019,1:18,1,NYCHUM,NA,1,NYCHUM,356
Mulder1_06,20190722,7/22/2019,21:26,21,NYCHUM,NA,1,NYCHUM,356
Mulder1_06,20190716,7/16/2019,23:39,23,NYCHUM,NA,1,NYCHUM,356
Mulder1_06,20190718,7/18/2019,23:07,23,NYCHUM,NoID,1,NoID,356
Mulder1_06,20190716,7/16/2019,22:03,22,NYCHUM,NA,1,NYCHUM,356
Mulder1_07,20190718,7/19/2019,4:48,4,EPTFUS,NA,1,EPTFUS,384
Mulder1_07,20190718,7/19/2019,2:58,2,EPTFUS,NA,1,EPTFUS,384
Mulder1_07,20190722,7/22/2019,22:15,22,EPTFUS,NA,1,EPTFUS,384
Mulder1_07,20190718,7/19/2019,2:58,2,EPTFUS,NA,1,EPTFUS,384
Mulder1_07,20190716,7/16/2019,22:53,22,EPTFUS,NA,1,EPTFUS,384
Mulder1_07,20190721,7/22/2019,0:34,0,EPTFUS,NA,1,EPTFUS,384
Mulder1_07,20190722,7/22/2019,22:52,22,EPTFUS,NA,1,EPTFUS,384
Mulder1_07,20190718,7/19/2019,4:49,4,EPTFUS,NA,1,EPTFUS,384
Mulder1_07,20190721,7/22/2019,2:03,2,EPTFUS,NoID,1,NoID,384
Mulder1_07,20190722,7/22/2019,22:26,22,LASBOR,NoID,1,NoID,384
Mulder1_07,20190716,7/17/2019,5:20,5,LASBOR,NA,1,LASBOR,384
Mulder1_07,20190721,7/21/2019,23:09,23,LASBOR,NA,1,LASBOR,384
Mulder1_07,20190716,7/17/2019,0:53,0,LASCIN,NA,1,LASCIN,384
Mulder1_07,20190722,7/23/2019,3:01,3,LASCIN,Noise,1,Noise,384
Mulder1_07,20190718,7/18/2019,20:29,20,LASCIN,Noise,1,Noise,384
Mulder1_07,20190716,7/17/2019,1:48,1,LASCIN,NoID,1,NoID,384
Mulder1_07,20190716,7/17/2019,0:53,0,LASCIN,NoID,1,NoID,384
Mulder1_07,20190716,7/16/2019,23:10,23,NYCHUM,NA,1,NYCHUM,384
Mulder1_07,20190721,7/22/2019,0:15,0,NYCHUM,NA,1,NYCHUM,384
Mulder1_07,20190716,7/17/2019,0:01,0,NYCHUM,NA,1,NYCHUM,384
Mulder1_07,20190721,7/21/2019,21:44,21,NYCHUM,NA,1,NYCHUM,384
Mulder1_07,20190721,7/22/2019,0:31,0,NYCHUM,NA,1,NYCHUM,384
Mulder1_07,20190721,7/21/2019,23:36,23,NYCHUM,NoID,1,NoID,384
Mulder1_07,20190722,7/23/2019,2:14,2,NYCHUM,NoID,1,NoID,384
Mulder1_07,20190716,7/16/2019,22:10,22,NYCHUM,NA,1,NYCHUM,384
Mulder1_07,20190722,7/22/2019,23:38,23,NYCHUM,NoID,1,NoID,384
Mulder1_07,20190718,7/19/2019,1:29,1,NYCHUM,NoID,1,NoID,384
Mulder1_07,20190721,7/22/2019,1:33,1,NYCHUM,NA,1,NYCHUM,384
Mulder1_08,20190721,7/21/2019,22:16,22,EPTFUS,NA,1,EPTFUS,441
Mulder1_08,20190718,7/19/2019,2:58,2,EPTFUS,NA,1,EPTFUS,441
Mulder1_08,20190721,7/22/2019,3:26,3,EPTFUS,NA,1,EPTFUS,441
Mulder1_08,20190716,7/17/2019,2:29,2,EPTFUS,NA,1,EPTFUS,441
Mulder1_08,20190721,7/22/2019,2:03,2,EPTFUS,NA,1,EPTFUS,441
Mulder1_08,20190721,7/22/2019,3:01,3,EPTFUS,NA,1,EPTFUS,441
Mulder1_08,20190722,7/22/2019,22:49,22,EPTFUS,NA,1,EPTFUS,441
Mulder1_08,20190718,7/19/2019,2:58,2,EPTFUS,NA,1,EPTFUS,441
Mulder1_08,20190722,7/22/2019,22:58,22,EPTFUS,NoID,1,NoID,441
Mulder1_08,20190721,7/22/2019,0:11,0,LASBOR,NA,1,LASBOR,441
Mulder1_08,20190716,7/17/2019,5:20,5,LASBOR,NA,1,LASBOR,441
Mulder1_08,20190718,7/18/2019,23:47,23,LASBOR,NA,1,LASBOR,441
Mulder1_08,20190718,7/19/2019,1:27,1,LASBOR,NoID,1,NoID,441
Mulder1_08,20190721,7/22/2019,4:15,4,LASBOR,NA,1,LASBOR,441
Mulder1_08,20190721,7/22/2019,0:30,0,LASCIN,NA,1,LASCIN,441
Mulder1_08,20190721,7/22/2019,0:28,0,LASCIN,NA,1,LASCIN,441
Mulder1_08,20190722,7/22/2019,21:42,21,LASCIN,NA,1,LASCIN,441
Mulder1_08,20190722,7/22/2019,21:44,21,LASCIN,NA,1,LASCIN,441
Mulder1_08,20190722,7/22/2019,21:44,21,LASCIN,Noise,1,Noise,441
Mulder1_08,20190722,7/22/2019,21:42,21,LASCIN,NoID,1,NoID,441
Mulder1_08,20190722,7/22/2019,21:43,21,LASCIN,NA,1,LASCIN,441
Mulder1_08,20190722,7/23/2019,3:49,3,LASCIN,NoID,1,NoID,441
Mulder1_08,20190722,7/22/2019,21:43,21,LASCIN,NoID,1,NoID,441
Mulder1_08,20190722,7/23/2019,3:01,3,LASCIN,NoID,1,NoID,441
Mulder1_08,20190718,7/18/2019,23:46,23,LASCIN,NoID,1,NoID,441
Mulder1_08,20190722,7/23/2019,0:12,0,LASCIN,Noise,1,Noise,441
Mulder1_08,20190722,7/22/2019,21:46,21,LASCIN,Noise,1,Noise,441
Mulder1_08,20190722,7/22/2019,21:42,21,LASCIN,NoID,1,NoID,441
Mulder1_08,20190716,7/16/2019,23:04,23,LASNOC,NA,1,LASNOC,441
Mulder1_08,20190718,7/18/2019,23:43,23,LASNOC,NA,1,LASNOC,441
Mulder1_08,20190722,7/23/2019,1:34,1,LASNOC,NA,1,LASNOC,441
Mulder1_08,20190716,7/16/2019,22:31,22,NYCHUM,NA,1,NYCHUM,441
Mulder1_08,20190716,7/16/2019,22:34,22,NYCHUM,NA,1,NYCHUM,441
Mulder1_08,20190716,7/17/2019,4:17,4,NYCHUM,NA,1,NYCHUM,441
Mulder1_08,20190718,7/18/2019,22:44,22,NYCHUM,NoID,1,NoID,441
Mulder1_08,20190721,7/21/2019,23:53,23,NYCHUM,NoID,1,NoID,441
Mulder1_09,20190722,7/22/2019,22:54,22,EPTFUS,NA,1,EPTFUS,445
Mulder1_09,20190722,7/22/2019,22:30,22,EPTFUS,NA,1,EPTFUS,445
Mulder1_09,20190722,7/23/2019,0:12,0,EPTFUS,NA,1,EPTFUS,445
Mulder1_09,20190722,7/22/2019,22:25,22,LASBOR,NA,1,LASBOR,445
Mulder1_09,20190722,7/23/2019,1:27,1,LASBOR,NoID,1,NoID,445
Mulder1_09,20190721,7/22/2019,0:58,0,LASBOR,NoID,1,NoID,445
Mulder1_09,20190718,7/18/2019,21:27,21,LASCIN,Noise,1,Noise,445
Mulder1_09,20190721,7/21/2019,22:57,22,LASCIN,NoID,1,NoID,445
Mulder1_09,20190716,7/17/2019,1:48,1,LASCIN,NA,1,LASCIN,445
Mulder1_09,20190721,7/22/2019,3:37,3,LASCIN,NA,1,LASCIN,445
Mulder1_09,20190718,7/18/2019,22:04,22,LASCIN,Noise,1,Noise,445
Mulder1_09,20190716,7/17/2019,5:59,5,LASCIN,Noise,1,Noise,445
Mulder1_09,20190722,7/23/2019,0:06,0,LASCIN,NA,1,LASCIN,445
Mulder1_09,20190721,7/22/2019,3:27,3,LASCIN,NoID,1,NoID,445
Mulder1_09,20190722,7/22/2019,23:09,23,LASCIN,NoID,1,NoID,445
Mulder1_09,20190716,7/16/2019,22:56,22,LASCIN,NA,1,LASCIN,445
Mulder1_09,20190722,7/22/2019,21:40,21,LASCIN,NA,1,LASCIN,445
Mulder1_09,20190721,7/22/2019,1:58,1,LASCIN,NA,1,LASCIN,445
Mulder1_09,20190721,7/21/2019,22:06,22,LASCIN,Noise,1,Noise,445
Mulder1_09,20190718,7/18/2019,21:16,21,LASCIN,Noise,1,Noise,445
Mulder1_09,20190721,7/21/2019,22:28,22,LASCIN,Noise,1,Noise,445
Mulder1_09,20190718,7/18/2019,22:25,22,LASCIN,Noise,1,Noise,445
Mulder1_09,20190716,7/17/2019,2:09,2,LASCIN,NA,1,LASCIN,445
Mulder1_09,20190718,7/18/2019,21:47,21,LASCIN,Noise,1,Noise,445
Mulder1_09,20190716,7/16/2019,22:14,22,LASCIN,NoID,1,NoID,445
Mulder1_09,20190716,7/17/2019,0:26,0,LASCIN,NA,1,LASCIN,445
Mulder1_09,20190718,7/18/2019,21:16,21,LASCIN,Noise,1,Noise,445
Mulder1_09,20190718,7/18/2019,22:26,22,LASCIN,Noise,1,Noise,445
Mulder1_09,20190718,7/18/2019,21:15,21,LASCIN,Noise,1,Noise,445
Mulder1_09,20190716,7/16/2019,23:07,23,NYCHUM,NoID,1,NoID,445
Mulder1_09,20190722,7/23/2019,4:10,4,NYCHUM,NA,1,NYCHUM,445
Mulder1_09,20190721,7/21/2019,21:54,21,NYCHUM,NA,1,NYCHUM,445
Mulder1_09,20190722,7/22/2019,22:44,22,NYCHUM,NA,1,NYCHUM,445
Mulder1_09,20190716,7/16/2019,22:10,22,NYCHUM,NoID,1,NoID,445
Mulder1_09,20190718,7/19/2019,5:13,5,NYCHUM,NA,1,NYCHUM,445
Mulder1_09,20190716,7/16/2019,21:50,21,NYCHUM,NoID,1,NoID,445
Mulder1_09,20190721,7/21/2019,21:35,21,NYCHUM,NA,1,NYCHUM,445
Mulder1_09,20190721,7/22/2019,2:04,2,NYCHUM,NA,1,NYCHUM,445
Mulder1_09,20190721,7/21/2019,22:29,22,NYCHUM,NoID,1,NoID,445
Mulder1_09,20190722,7/23/2019,1:30,1,NYCHUM,NoID,1,NoID,445
Mulder1_09,20190721,7/22/2019,5:11,5,NYCHUM,NoID,1,NoID,445
Mulder1_10,20190721,7/22/2019,0:33,0,EPTFUS,NA,1,EPTFUS,454
Mulder1_10,20190722,7/22/2019,22:14,22,EPTFUS,NA,1,EPTFUS,454
Mulder1_10,20190721,7/21/2019,22:59,22,EPTFUS,NA,1,EPTFUS,454
Mulder1_10,20190721,7/21/2019,23:50,23,EPTFUS,NA,1,EPTFUS,454
Mulder1_10,20190721,7/21/2019,23:01,23,EPTFUS,NA,1,EPTFUS,454
Mulder1_10,20190721,7/21/2019,23:00,22,EPTFUS,NA,1,EPTFUS,454
Mulder1_10,20190721,7/21/2019,22:55,22,EPTFUS,NA,1,EPTFUS,454
Mulder1_10,20190722,7/22/2019,22:24,22,LASBOR,NA,1,LASBOR,454
Mulder1_10,20190721,7/21/2019,23:04,23,LASBOR,NA,1,LASBOR,454
Mulder1_10,20190721,7/22/2019,0:23,0,LASBOR,NoID,1,NoID,454
Mulder1_10,20190721,7/22/2019,1:02,1,LASBOR,NoID,1,NoID,454
Mulder1_10,20190721,7/22/2019,1:58,1,LASCIN,NoID,1,NoID,454
Mulder1_10,20190721,7/22/2019,4:40,4,LASCIN,NoID,1,NoID,454
Mulder1_10,20190722,7/22/2019,23:09,23,LASCIN,NA,1,LASCIN,454
Mulder1_10,20190721,7/21/2019,22:34,22,LASCIN,NoID,1,NoID,454
Mulder1_10,20190722,7/23/2019,0:04,0,LASCIN,NA,1,LASCIN,454
Mulder1_10,20190721,7/22/2019,3:27,3,LASCIN,NoID,1,NoID,454
Mulder1_10,20190721,7/22/2019,3:12,3,LASCIN,NoID,1,NoID,454
Mulder1_10,20190716,7/16/2019,22:56,22,LASCIN,NA,1,LASCIN,454
Mulder1_10,20190716,7/17/2019,1:48,1,LASCIN,NA,1,LASCIN,454
Mulder1_10,20190721,7/22/2019,0:59,0,LASCIN,NoID,1,NoID,454
Mulder1_10,20190721,7/22/2019,3:28,3,LASCIN,NoID,1,NoID,454
Mulder1_10,20190721,7/22/2019,3:28,3,LASCIN,Noise,1,Noise,454
Mulder1_10,20190721,7/21/2019,23:13,23,LASCIN,NA,1,LASCIN,454
Mulder1_10,20190722,7/22/2019,21:44,21,LASCIN,NoID,1,NoID,454
Mulder1_10,20190722,7/23/2019,1:35,1,LASCIN,NoID,1,NoID,454
Mulder1_10,20190721,7/22/2019,3:58,3,LASCIN,NoID,1,NoID,454
Mulder1_10,20190721,7/22/2019,1:58,1,LASCIN,NoID,1,NoID,454
Mulder1_10,20190716,7/16/2019,22:27,22,LASNOC,NA,1,LASNOC,454
Mulder1_10,20190716,7/16/2019,22:28,22,LASNOC,NA,1,LASNOC,454
Mulder1_10,20190716,7/16/2019,22:57,22,LASNOC,NA,1,LASNOC,454
Mulder1_10,20190716,7/16/2019,23:39,23,NYCHUM,NA,1,NYCHUM,454
Mulder1_10,20190721,7/21/2019,21:44,21,NYCHUM,NA,1,NYCHUM,454
Mulder1_10,20190718,7/19/2019,5:13,5,NYCHUM,NA,1,NYCHUM,454
Mulder1_10,20190716,7/16/2019,22:09,22,NYCHUM,NA,1,NYCHUM,454
Mulder1_10,20190718,7/19/2019,3:58,3,NYCHUM,NA,1,NYCHUM,454
Mulder1_10,20190722,7/22/2019,21:44,21,NYCHUM,NA,1,NYCHUM,454
Mulder1_10,20190716,7/16/2019,22:54,22,NYCHUM,NA,1,NYCHUM,454
Mulder1_10,20190721,7/21/2019,23:17,23,NYCHUM,NoID,1,NoID,454
Mulder1_10,20190718,7/19/2019,1:38,1,PERSUB,NA,1,PERSUB,454
Mulder1_10,20190721,7/22/2019,3:25,3,PERSUB,NA,1,PERSUB,454
Mulder1_11,20190721,7/22/2019,0:59,0,EPTFUS,NA,1,EPTFUS,483
Mulder1_11,20190721,7/21/2019,23:01,23,EPTFUS,NA,1,EPTFUS,483
Mulder1_11,20190722,7/22/2019,22:40,22,EPTFUS,NA,1,EPTFUS,483
Mulder1_11,20190721,7/21/2019,22:16,22,EPTFUS,NA,1,EPTFUS,483
Mulder1_11,20190721,7/22/2019,3:50,3,EPTFUS,NA,1,EPTFUS,483
Mulder1_11,20190721,7/22/2019,0:11,0,LASBOR,NA,1,LASBOR,483
Mulder1_11,20190721,7/21/2019,21:42,21,LASBOR,NA,1,LASBOR,483
Mulder1_11,20190718,7/19/2019,5:12,5,LASBOR,NA,1,LASBOR,483
Mulder1_11,20190722,7/22/2019,22:39,22,LASBOR,NA,1,LASBOR,483
Mulder1_11,20190722,7/23/2019,1:42,1,LASBOR,NA,1,LASBOR,483
Mulder1_11,20190716,7/17/2019,4:02,4,LASBOR,NA,1,LASBOR,483
Mulder1_11,20190721,7/22/2019,4:40,4,LASCIN,NA,1,LASCIN,483
Mulder1_11,20190721,7/22/2019,3:59,3,LASCIN,NoID,1,NoID,483
Mulder1_11,20190721,7/22/2019,4:21,4,LASCIN,Noise,1,Noise,483
Mulder1_11,20190722,7/23/2019,1:36,1,LASCIN,NoID,1,NoID,483
Mulder1_11,20190721,7/22/2019,3:28,3,LASCIN,NoID,1,NoID,483
Mulder1_11,20190718,7/18/2019,23:20,23,LASCIN,Noise,1,Noise,483
Mulder1_11,20190722,7/22/2019,23:57,23,LASCIN,NoID,1,NoID,483
Mulder1_11,20190721,7/22/2019,0:14,0,LASCIN,NoID,1,NoID,483
Mulder1_11,20190721,7/22/2019,0:30,0,LASCIN,NoID,1,NoID,483
Mulder1_11,20190722,7/22/2019,22:46,22,LASCIN,NoID,1,NoID,483
Mulder1_11,20190716,7/16/2019,22:27,22,LASNOC,NA,1,LASNOC,483
Mulder1_11,20190716,7/16/2019,22:57,22,LASNOC,NA,1,LASNOC,483
Mulder1_11,20190721,7/22/2019,2:21,2,LASNOC,NA,1,LASNOC,483
Mulder1_11,20190716,7/16/2019,23:06,23,NYCHUM,NA,1,NYCHUM,483
Mulder1_11,20190718,7/19/2019,3:28,3,NYCHUM,NA,1,NYCHUM,483
Mulder1_11,20190716,7/16/2019,22:31,22,NYCHUM,NA,1,NYCHUM,483
Mulder1_11,20190718,7/19/2019,1:37,1,NYCHUM,NoID,1,NoID,483
Mulder1_11,20190722,7/23/2019,2:14,2,NYCHUM,NA,1,NYCHUM,483
Mulder1_11,20190722,7/22/2019,22:58,22,NYCHUM,NoID,1,NoID,483
Mulder1_11,20190722,7/23/2019,0:14,0,NYCHUM,NoID,1,NoID,483
Mulder1_12,20190721,7/21/2019,22:15,22,EPTFUS,NA,1,EPTFUS,524
Mulder1_12,20190721,7/22/2019,3:50,3,EPTFUS,NA,1,EPTFUS,524
Mulder1_12,20190722,7/22/2019,23:09,23,EPTFUS,NA,1,EPTFUS,524
Mulder1_12,20190722,7/22/2019,22:58,22,EPTFUS,NA,1,EPTFUS,524
Mulder1_12,20190721,7/21/2019,23:00,23,EPTFUS,NA,1,EPTFUS,524
Mulder1_12,20190721,7/22/2019,2:21,2,EPTFUS,NA,1,EPTFUS,524
Mulder1_12,20190722,7/22/2019,22:39,22,EPTFUS,NA,1,EPTFUS,524
Mulder1_12,20190721,7/22/2019,3:52,3,EPTFUS,NA,1,EPTFUS,524
Mulder1_12,20190722,7/22/2019,22:37,22,EPTFUS,NA,1,EPTFUS,524
Mulder1_12,20190721,7/21/2019,22:34,22,EPTFUS,NoID,1,NoID,524
Mulder1_12,20190722,7/22/2019,23:07,23,EPTFUS,NA,1,EPTFUS,524
Mulder1_12,20190721,7/22/2019,0:41,0,EPTFUS,NA,1,EPTFUS,524
Mulder1_12,20190718,7/19/2019,4:40,4,EPTFUS,NA,1,EPTFUS,524
Mulder1_12,20190722,7/22/2019,23:16,23,EPTFUS,NA,1,EPTFUS,524
Mulder1_12,20190722,7/22/2019,23:52,23,EPTFUS,NA,1,EPTFUS,524
Mulder1_12,20190721,7/22/2019,0:59,0,EPTFUS,NA,1,EPTFUS,524
Mulder1_12,20190721,7/22/2019,3:50,3,EPTFUS,NA,1,EPTFUS,524
Mulder1_12,20190721,7/22/2019,3:59,3,EPTFUS,NA,1,EPTFUS,524
Mulder1_12,20190716,7/16/2019,22:46,22,EPTFUS,NoID,1,NoID,524
Mulder1_12,20190716,7/17/2019,4:02,4,LASBOR,NA,1,LASBOR,524
Mulder1_12,20190718,7/19/2019,3:00,3,LASBOR,NoID,1,NoID,524
Mulder1_12,20190721,7/22/2019,6:31,6,LASCIN,NoID,1,NoID,524
Mulder1_12,20190721,7/22/2019,6:31,6,LASCIN,Noise,1,Noise,524
Mulder1_12,20190721,7/22/2019,6:30,6,LASCIN,Noise,1,Noise,524
Mulder1_12,20190721,7/22/2019,6:32,6,LASCIN,Noise,1,Noise,524
Mulder1_12,20190716,7/17/2019,6:03,6,LASCIN,Noise,1,Noise,524
Mulder1_12,20190721,7/22/2019,6:31,6,LASCIN,Noise,1,Noise,524
Mulder1_12,20190721,7/22/2019,6:30,6,LASCIN,Noise,1,Noise,524
Mulder1_12,20190721,7/22/2019,5:52,5,LASCIN,Noise,1,Noise,524
Mulder1_12,20190721,7/22/2019,6:31,6,LASCIN,Noise,1,Noise,524
Mulder1_12,20190722,7/23/2019,6:14,6,LASCIN,Noise,1,Noise,524
Mulder1_12,20190716,7/17/2019,6:03,6,LASCIN,Noise,1,Noise,524
Mulder1_12,20190721,7/22/2019,6:32,6,LASCIN,Noise,1,Noise,524
Mulder1_12,20190722,7/23/2019,6:12,6,LASCIN,Noise,1,Noise,524
Mulder1_12,20190721,7/22/2019,6:17,6,LASCIN,Noise,1,Noise,524
Mulder1_12,20190722,7/23/2019,6:15,6,LASCIN,Noise,1,Noise,524
Mulder1_12,20190722,7/23/2019,6:14,6,LASCIN,Noise,1,Noise,524
Mulder1_12,20190722,7/23/2019,6:14,6,LASCIN,Noise,1,Noise,524
Mulder1_12,20190721,7/22/2019,6:21,6,LASCIN,Noise,1,Noise,524
Mulder1_12,20190716,7/17/2019,5:57,5,LASCIN,Noise,1,Noise,524
Mulder1_12,20190721,7/21/2019,21:08,21,LASCIN,Noise,1,Noise,524
Mulder1_12,20190722,7/23/2019,6:15,6,LASCIN,Noise,1,Noise,524
Mulder1_12,20190721,7/22/2019,6:19,6,LASCIN,Noise,1,Noise,524
Mulder1_12,20190722,7/23/2019,6:21,6,LASCIN,Noise,1,Noise,524
Mulder1_12,20190722,7/23/2019,6:11,6,LASCIN,Noise,1,Noise,524
Mulder1_12,20190721,7/22/2019,6:13,6,LASCIN,Noise,1,Noise,524
Mulder1_12,20190716,7/17/2019,6:01,6,LASCIN,Noise,1,Noise,524
Mulder1_12,20190718,7/19/2019,5:54,5,LASCIN,Noise,1,Noise,524
Mulder1_12,20190716,7/17/2019,6:03,6,LASCIN,Noise,1,Noise,524
Mulder1_12,20190722,7/23/2019,5:55,5,LASCIN,Noise,1,Noise,524
Mulder1_12,20190722,7/22/2019,21:09,21,LASCIN,Noise,1,Noise,524
Mulder1_12,20190721,7/22/2019,6:12,6,LASCIN,Noise,1,Noise,524
Mulder1_12,20190722,7/23/2019,6:12,6,LASCIN,Noise,1,Noise,524
Mulder1_12,20190721,7/21/2019,20:48,20,LASCIN,Noise,1,Noise,524
Mulder1_12,20190721,7/22/2019,5:55,5,LASCIN,Noise,1,Noise,524
Mulder1_12,20190721,7/21/2019,20:48,20,LASCIN,Noise,1,Noise,524
Mulder1_12,20190716,7/17/2019,2:54,2,LASCIN,NA,1,LASCIN,524
Mulder1_12,20190716,7/17/2019,6:01,6,LASCIN,Noise,1,Noise,524
Mulder1_12,20190722,7/23/2019,0:11,0,LASCIN,NA,1,LASCIN,524
Mulder1_12,20190722,7/23/2019,5:49,5,LASCIN,Noise,1,Noise,524
Mulder1_12,20190721,7/22/2019,5:48,5,LASCIN,Noise,1,Noise,524
Mulder1_12,20190722,7/23/2019,6:20,6,LASCIN,Noise,1,Noise,524
Mulder1_12,20190716,7/17/2019,6:02,6,LASCIN,Noise,1,Noise,524
Mulder1_12,20190721,7/22/2019,6:30,6,LASCIN,Noise,1,Noise,524
Mulder1_12,20190722,7/23/2019,6:23,6,LASCIN,Noise,1,Noise,524
Mulder1_12,20190721,7/22/2019,6:34,6,LASCIN,Noise,1,Noise,524
Mulder1_12,20190722,7/23/2019,5:54,5,LASCIN,Noise,1,Noise,524
Mulder1_12,20190718,7/19/2019,5:54,5,LASCIN,Noise,1,Noise,524
Mulder1_12,20190718,7/18/2019,23:03,23,LASCIN,NA,1,LASCIN,524
Mulder1_12,20190721,7/22/2019,6:20,6,LASCIN,Noise,1,Noise,524
Mulder1_12,20190722,7/23/2019,3:49,3,LASCIN,NoID,1,NoID,524
Mulder1_12,20190721,7/21/2019,20:41,20,LASCIN,Noise,1,Noise,524
Mulder1_12,20190721,7/21/2019,21:08,21,LASCIN,Noise,1,Noise,524
Mulder1_12,20190718,7/19/2019,5:55,5,LASCIN,Noise,1,Noise,524
Mulder1_12,20190722,7/23/2019,5:50,5,LASCIN,Noise,1,Noise,524
Mulder1_12,20190722,7/22/2019,21:08,21,LASCIN,Noise,1,Noise,524
Mulder1_12,20190721,7/22/2019,6:29,6,LASCIN,Noise,1,Noise,524
Mulder1_12,20190721,7/22/2019,6:12,6,LASCIN,Noise,1,Noise,524
Mulder1_12,20190721,7/22/2019,6:17,6,LASCIN,Noise,1,Noise,524
Mulder1_12,20190722,7/23/2019,6:20,6,LASCIN,Noise,1,Noise,524
Mulder1_12,20190721,7/22/2019,6:13,6,LASCIN,Noise,1,Noise,524
Mulder1_12,20190722,7/23/2019,5:49,5,LASCIN,Noise,1,Noise,524
Mulder1_12,20190718,7/18/2019,20:32,20,LASCIN,Noise,1,Noise,524
Mulder1_12,20190721,7/22/2019,6:32,6,LASCIN,Noise,1,Noise,524
Mulder1_12,20190721,7/22/2019,6:33,6,LASCIN,Noise,1,Noise,524
Mulder1_12,20190722,7/22/2019,20:33,20,LASCIN,Noise,1,Noise,524
Mulder1_12,20190721,7/22/2019,6:24,6,LASCIN,Noise,1,Noise,524
Mulder1_12,20190721,7/22/2019,6:34,6,LASCIN,Noise,1,Noise,524
Mulder1_12,20190721,7/21/2019,20:49,20,LASCIN,Noise,1,Noise,524
Mulder1_12,20190722,7/23/2019,5:47,5,LASCIN,Noise,1,Noise,524
Mulder1_12,20190716,7/16/2019,20:25,20,LASCIN,Noise,1,Noise,524
Mulder1_12,20190721,7/22/2019,6:21,6,LASCIN,Noise,1,Noise,524
Mulder1_12,20190722,7/23/2019,5:47,5,LASCIN,Noise,1,Noise,524
Mulder1_12,20190722,7/23/2019,6:13,6,LASCIN,Noise,1,Noise,524
Mulder1_12,20190718,7/18/2019,20:41,20,LASCIN,Noise,1,Noise,524
Mulder1_12,20190721,7/21/2019,20:42,20,LASCIN,Noise,1,Noise,524
Mulder1_12,20190716,7/16/2019,20:25,20,LASCIN,Noise,1,Noise,524
Mulder1_12,20190721,7/22/2019,6:30,6,LASCIN,Noise,1,Noise,524
Mulder1_12,20190722,7/23/2019,5:48,5,LASCIN,Noise,1,Noise,524
Mulder1_12,20190722,7/23/2019,5:49,5,LASCIN,Noise,1,Noise,524
Mulder1_12,20190722,7/23/2019,5:55,5,LASCIN,Noise,1,Noise,524
Mulder1_12,20190721,7/22/2019,6:20,6,LASCIN,Noise,1,Noise,524
Mulder1_12,20190722,7/23/2019,6:15,6,LASCIN,Noise,1,Noise,524
Mulder1_12,20190721,7/22/2019,6:24,6,LASCIN,Noise,1,Noise,524
Mulder1_12,20190722,7/23/2019,6:15,6,LASCIN,Noise,1,Noise,524
Mulder1_12,20190721,7/22/2019,5:58,5,LASCIN,Noise,1,Noise,524
Mulder1_12,20190721,7/22/2019,6:18,6,LASCIN,Noise,1,Noise,524
Mulder1_12,20190721,7/22/2019,6:33,6,LASCIN,Noise,1,Noise,524
Mulder1_12,20190721,7/21/2019,21:03,21,LASCIN,Noise,1,Noise,524
Mulder1_12,20190721,7/22/2019,6:15,6,LASCIN,Noise,1,Noise,524
Mulder1_12,20190721,7/22/2019,6:13,6,LASCIN,Noise,1,Noise,524
Mulder1_12,20190721,7/22/2019,6:13,6,LASCIN,Noise,1,Noise,524
Mulder1_12,20190722,7/23/2019,6:20,6,LASCIN,Noise,1,Noise,524
Mulder1_12,20190716,7/16/2019,20:25,20,LASCIN,Noise,1,Noise,524
Mulder1_12,20190722,7/22/2019,21:08,21,LASCIN,Noise,1,Noise,524
Mulder1_12,20190721,7/21/2019,20:40,20,LASCIN,Noise,1,Noise,524
Mulder1_12,20190721,7/22/2019,6:33,6,LASCIN,Noise,1,Noise,524
Mulder1_12,20190722,7/23/2019,6:11,6,LASCIN,Noise,1,Noise,524
Mulder1_12,20190716,7/17/2019,6:06,6,LASCIN,Noise,1,Noise,524
Mulder1_12,20190716,7/17/2019,6:11,6,LASCIN,Noise,1,Noise,524
Mulder1_12,20190721,7/22/2019,5:51,5,LASCIN,Noise,1,Noise,524
Mulder1_12,20190721,7/22/2019,6:15,6,LASCIN,Noise,1,Noise,524
Mulder1_12,20190721,7/22/2019,6:27,6,LASCIN,Noise,1,Noise,524
Mulder1_12,20190716,7/16/2019,20:25,20,LASCIN,Noise,1,Noise,524
Mulder1_12,20190716,7/17/2019,6:04,6,LASCIN,Noise,1,Noise,524
Mulder1_12,20190721,7/22/2019,6:29,6,LASCIN,Noise,1,Noise,524
Mulder1_12,20190722,7/23/2019,6:15,6,LASCIN,Noise,1,Noise,524
Mulder1_12,20190721,7/22/2019,4:40,4,LASCIN,NoID,1,NoID,524
Mulder1_12,20190721,7/21/2019,20:43,20,LASCIN,Noise,1,Noise,524
Mulder1_12,20190721,7/22/2019,5:42,5,LASCIN,Noise,1,Noise,524
Mulder1_12,20190718,7/18/2019,20:30,20,LASCIN,Noise,1,Noise,524
Mulder1_12,20190721,7/21/2019,21:10,21,LASCIN,Noise,1,Noise,524
Mulder1_12,20190722,7/23/2019,5:51,5,LASCIN,Noise,1,Noise,524
Mulder1_12,20190722,7/23/2019,5:55,5,LASCIN,Noise,1,Noise,524
Mulder1_12,20190716,7/16/2019,20:25,20,LASCIN,Noise,1,Noise,524
Mulder1_12,20190721,7/21/2019,20:44,20,LASCIN,Noise,1,Noise,524
Mulder1_12,20190721,7/22/2019,5:50,5,LASCIN,Noise,1,Noise,524
Mulder1_12,20190721,7/22/2019,6:13,6,LASCIN,Noise,1,Noise,524
Mulder1_12,20190722,7/22/2019,20:33,20,LASCIN,Noise,1,Noise,524
Mulder1_12,20190721,7/22/2019,6:32,6,LASCIN,Noise,1,Noise,524
Mulder1_12,20190721,7/22/2019,6:14,6,LASCIN,Noise,1,Noise,524
Mulder1_12,20190722,7/23/2019,6:12,6,LASCIN,Noise,1,Noise,524
Mulder1_12,20190721,7/22/2019,6:24,6,LASCIN,Noise,1,Noise,524
Mulder1_12,20190721,7/21/2019,20:50,20,LASCIN,Noise,1,Noise,524
Mulder1_12,20190716,7/16/2019,21:17,21,LASCIN,Noise,1,Noise,524
Mulder1_12,20190721,7/21/2019,20:49,20,LASCIN,Noise,1,Noise,524
Mulder1_12,20190722,7/22/2019,21:09,21,LASCIN,Noise,1,Noise,524
Mulder1_12,20190716,7/17/2019,5:54,5,LASCIN,Noise,1,Noise,524
Mulder1_12,20190716,7/16/2019,20:25,20,LASCIN,Noise,1,Noise,524
Mulder1_12,20190722,7/23/2019,6:16,6,LASCIN,Noise,1,Noise,524
Mulder1_12,20190721,7/22/2019,6:11,6,LASCIN,Noise,1,Noise,524
Mulder1_12,20190722,7/23/2019,5:48,5,LASCIN,Noise,1,Noise,524
Mulder1_12,20190722,7/22/2019,20:33,20,LASCIN,Noise,1,Noise,524
Mulder1_12,20190721,7/22/2019,6:37,6,LASCIN,Noise,1,Noise,524
Mulder1_12,20190721,7/21/2019,20:43,20,LASCIN,Noise,1,Noise,524
Mulder1_12,20190721,7/21/2019,21:10,21,LASCIN,Noise,1,Noise,524
Mulder1_12,20190722,7/23/2019,6:13,6,LASCIN,Noise,1,Noise,524
Mulder1_12,20190716,7/17/2019,5:54,5,LASCIN,Noise,1,Noise,524
Mulder1_12,20190716,7/17/2019,5:53,5,LASCIN,Noise,1,Noise,524
Mulder1_12,20190716,7/17/2019,6:01,6,LASCIN,Noise,1,Noise,524
Mulder1_12,20190721,7/22/2019,6:24,6,LASCIN,Noise,1,Noise,524
Mulder1_12,20190721,7/21/2019,21:08,21,LASCIN,Noise,1,Noise,524
Mulder1_12,20190722,7/23/2019,5:52,5,LASCIN,Noise,1,Noise,524
Mulder1_12,20190721,7/21/2019,20:48,20,LASCIN,Noise,1,Noise,524
Mulder1_12,20190721,7/22/2019,6:33,6,LASCIN,Noise,1,Noise,524
Mulder1_12,20190722,7/23/2019,6:10,6,LASCIN,Noise,1,Noise,524
Mulder1_12,20190722,7/23/2019,6:22,6,LASCIN,Noise,1,Noise,524
Mulder1_12,20190722,7/23/2019,6:35,6,LASCIN,Noise,1,Noise,524
Mulder1_12,20190722,7/23/2019,6:21,6,LASCIN,Noise,1,Noise,524
Mulder1_12,20190721,7/22/2019,6:35,6,LASCIN,Noise,1,Noise,524
Mulder1_12,20190721,7/21/2019,20:45,20,LASCIN,Noise,1,Noise,524
Mulder1_12,20190721,7/21/2019,20:49,20,LASCIN,Noise,1,Noise,524
Mulder1_12,20190722,7/23/2019,6:13,6,LASCIN,Noise,1,Noise,524
Mulder1_12,20190716,7/16/2019,22:27,22,LASNOC,NA,1,LASNOC,524
Mulder1_12,20190716,7/16/2019,22:57,22,LASNOC,NA,1,LASNOC,524
Mulder1_12,20190722,7/22/2019,22:26,22,NYCHUM,NA,1,NYCHUM,524
Mulder1_12,20190722,7/22/2019,22:22,22,NYCHUM,NA,1,NYCHUM,524
Mulder1_12,20190716,7/16/2019,22:56,22,NYCHUM,NA,1,NYCHUM,524
Mulder1_12,20190718,7/19/2019,2:21,2,NYCHUM,NA,1,NYCHUM,524
Mulder1_12,20190722,7/23/2019,2:13,2,NYCHUM,NA,1,NYCHUM,524
Mulder1_12,20190716,7/16/2019,22:17,22,NYCHUM,NA,1,NYCHUM,524
Mulder1_12,20190718,7/19/2019,1:37,1,PERSUB,NA,1,PERSUB,524
Mulder1_13,20190718,7/19/2019,3:36,3,EPTFUS,NA,1,EPTFUS,545
Mulder1_13,20190721,7/22/2019,3:57,3,EPTFUS,NA,1,EPTFUS,545
Mulder1_13,20190721,7/21/2019,23:50,23,EPTFUS,NA,1,EPTFUS,545
Mulder1_13,20190722,7/22/2019,22:14,22,EPTFUS,NA,1,EPTFUS,545
Mulder1_13,20190722,7/22/2019,22:35,22,EPTFUS,NA,1,EPTFUS,545
Mulder1_13,20190722,7/23/2019,0:37,0,EPTFUS,NoID,1,NoID,545
Mulder1_13,20190721,7/22/2019,3:00,3,EPTFUS,NA,1,EPTFUS,545
Mulder1_13,20190722,7/23/2019,2:42,2,LASBOR,NoID,1,NoID,545
Mulder1_13,20190722,7/22/2019,21:42,21,LASBOR,NoID,1,NoID,545
Mulder1_13,20190721,7/21/2019,21:35,21,LASBOR,NoID,1,NoID,545
Mulder1_13,20190721,7/22/2019,0:16,0,LASBOR,NoID,1,NoID,545
Mulder1_13,20190718,7/18/2019,23:01,23,LASCIN,NoID,1,NoID,545
Mulder1_13,20190718,7/18/2019,23:01,23,LASCIN,NoID,1,NoID,545
Mulder1_13,20190718,7/18/2019,23:39,23,LASCIN,Noise,1,Noise,545
Mulder1_13,20190718,7/18/2019,23:14,23,LASCIN,Noise,1,Noise,545
Mulder1_13,20190721,7/22/2019,3:23,3,LASCIN,NA,1,LASCIN,545
Mulder1_13,20190721,7/21/2019,22:06,22,LASCIN,NoID,1,NoID,545
Mulder1_13,20190721,7/21/2019,23:07,23,LASCIN,NA,1,LASCIN,545
Mulder1_13,20190721,7/21/2019,21:46,21,LASCIN,NoID,1,NoID,545
Mulder1_13,20190721,7/21/2019,21:46,21,LASCIN,NoID,1,NoID,545
Mulder1_13,20190721,7/22/2019,1:58,1,LASCIN,Noise,1,Noise,545
Mulder1_13,20190718,7/18/2019,23:35,23,LASCIN,Noise,1,Noise,545
Mulder1_13,20190722,7/22/2019,22:37,22,LASCIN,Noise,1,Noise,545
Mulder1_13,20190716,7/17/2019,1:49,1,LASCIN,NA,1,LASCIN,545
Mulder1_13,20190718,7/19/2019,6:24,6,LASCIN,Noise,1,Noise,545
Mulder1_13,20190721,7/21/2019,22:28,22,LASCIN,NA,1,LASCIN,545
Mulder1_13,20190718,7/18/2019,23:36,23,LASCIN,NoID,1,NoID,545
Mulder1_13,20190721,7/21/2019,20:39,20,LASCIN,Noise,1,Noise,545
Mulder1_13,20190721,7/22/2019,4:21,4,LASCIN,NA,1,LASCIN,545
Mulder1_13,20190718,7/18/2019,22:13,22,LASCIN,Noise,1,Noise,545
Mulder1_13,20190721,7/22/2019,1:15,1,LASCIN,NoID,1,NoID,545
Mulder1_13,20190718,7/19/2019,1:29,1,LASCIN,Noise,1,Noise,545
Mulder1_13,20190721,7/21/2019,22:57,22,LASCIN,NoID,1,NoID,545
Mulder1_13,20190718,7/18/2019,23:14,23,LASNOC,Noise,1,Noise,545
Mulder1_13,20190721,7/21/2019,22:19,22,LASNOC,NoID,1,NoID,545
Mulder1_13,20190718,7/19/2019,3:32,3,NYCHUM,NA,1,NYCHUM,545
Mulder1_13,20190716,7/16/2019,22:09,22,NYCHUM,NA,1,NYCHUM,545
Mulder1_13,20190716,7/17/2019,2:41,2,NYCHUM,NA,1,NYCHUM,545
Mulder1_13,20190716,7/16/2019,23:07,23,NYCHUM,NA,1,NYCHUM,545
Mulder1_13,20190722,7/22/2019,21:44,21,NYCHUM,NoID,1,NoID,545
Mulder1_13,20190716,7/16/2019,22:03,22,NYCHUM,NA,1,NYCHUM,545
Mulder1_13,20190716,7/17/2019,4:55,4,NYCHUM,NoID,1,NoID,545
Mulder1_13,20190721,7/22/2019,3:17,3,NYCHUM,NA,1,NYCHUM,545
Mulder1_13,20190716,7/16/2019,23:05,23,NYCHUM,NoID,1,NoID,545
Mulder1_14,20190722,7/22/2019,23:15,23,EPTFUS,NA,1,EPTFUS,538
Mulder1_14,20190721,7/21/2019,22:59,22,EPTFUS,NA,1,EPTFUS,538
Mulder1_14,20190721,7/22/2019,2:02,2,EPTFUS,NA,1,EPTFUS,538
Mulder1_14,20190721,7/21/2019,22:55,22,EPTFUS,NoID,1,NoID,538
Mulder1_14,20190718,7/19/2019,2:52,2,LASBOR,NA,1,LASBOR,538
Mulder1_14,20190716,7/16/2019,21:50,21,LASBOR,NoID,1,NoID,538
Mulder1_14,20190721,7/21/2019,23:34,23,LASBOR,NA,1,LASBOR,538
Mulder1_14,20190716,7/17/2019,1:49,1,LASCIN,NA,1,LASCIN,538
Mulder1_14,20190721,7/22/2019,4:21,4,LASCIN,NoID,1,NoID,538
Mulder1_14,20190721,7/22/2019,3:23,3,LASCIN,NA,1,LASCIN,538
Mulder1_14,20190716,7/16/2019,23:21,23,LASCIN,NA,1,LASCIN,538
Mulder1_14,20190721,7/21/2019,21:46,21,LASCIN,NoID,1,NoID,538
Mulder1_14,20190721,7/22/2019,4:02,4,LASCIN,NoID,1,NoID,538
Mulder1_14,20190721,7/22/2019,0:34,0,LASCIN,NA,1,LASCIN,538
Mulder1_14,20190721,7/21/2019,22:23,22,LASCIN,NA,1,LASCIN,538
Mulder1_14,20190716,7/17/2019,0:52,0,LASCIN,NoID,1,NoID,538
Mulder1_14,20190718,7/18/2019,23:36,23,LASCIN,NA,1,LASCIN,538
Mulder1_14,20190721,7/22/2019,3:12,3,LASCIN,Noise,1,Noise,538
Mulder1_14,20190721,7/21/2019,22:26,22,LASCIN,NoID,1,NoID,538
Mulder1_14,20190718,7/18/2019,23:56,23,LASCIN,Noise,1,Noise,538
Mulder1_14,20190722,7/23/2019,6:42,6,LASCIN,Noise,1,Noise,538
Mulder1_14,20190716,7/17/2019,0:38,0,LASCIN,NoID,1,NoID,538
Mulder1_14,20190721,7/21/2019,22:57,22,LASCIN,NoID,1,NoID,538
Mulder1_14,20190721,7/22/2019,0:14,0,NYCHUM,NA,1,NYCHUM,538
Mulder1_14,20190718,7/18/2019,23:08,23,NYCHUM,NA,1,NYCHUM,538
Mulder1_14,20190716,7/16/2019,23:38,23,NYCHUM,NoID,1,NoID,538
Mulder1_14,20190716,7/17/2019,2:40,2,NYCHUM,NA,1,NYCHUM,538
Mulder1_14,20190716,7/17/2019,4:55,4,NYCHUM,NA,1,NYCHUM,538
Mulder1_14,20190722,7/23/2019,3:58,3,NYCHUM,NoID,1,NoID,538
Mulder1_15,20190718,7/19/2019,3:36,3,EPTFUS,NA,1,EPTFUS,523
Mulder1_15,20190721,7/22/2019,0:30,0,EPTFUS,NA,1,EPTFUS,523
Mulder1_15,20190721,7/21/2019,22:44,22,LASBOR,NA,1,LASBOR,523
Mulder1_15,20190721,7/21/2019,23:11,23,LASBOR,NA,1,LASBOR,523
Mulder1_15,20190722,7/23/2019,2:14,2,LASBOR,NA,1,LASBOR,523
Mulder1_15,20190718,7/19/2019,1:06,1,LASBOR,NA,1,LASBOR,523
Mulder1_15,20190721,7/22/2019,0:41,0,LASCIN,NA,1,LASCIN,523
Mulder1_15,20190721,7/22/2019,0:29,0,LASCIN,NoID,1,NoID,523
Mulder1_15,20190721,7/21/2019,23:13,23,LASCIN,NoID,1,NoID,523
Mulder1_15,20190721,7/21/2019,23:28,23,LASCIN,NA,1,LASCIN,523
Mulder1_15,20190716,7/16/2019,23:21,23,LASCIN,NA,1,LASCIN,523
Mulder1_15,20190721,7/21/2019,21:46,21,LASCIN,NA,1,LASCIN,523
Mulder1_15,20190722,7/22/2019,23:05,23,LASCIN,NA,1,LASCIN,523
Mulder1_15,20190722,7/22/2019,22:18,22,LASCIN,NoID,1,NoID,523
Mulder1_15,20190716,7/17/2019,3:18,3,LASCIN,Noise,1,Noise,523
Mulder1_15,20190722,7/23/2019,3:52,3,LASCIN,NoID,1,NoID,523
Mulder1_15,20190721,7/22/2019,2:52,2,LASCIN,NoID,1,NoID,523
Mulder1_15,20190721,7/21/2019,21:47,21,LASCIN,NoID,1,NoID,523
Mulder1_15,20190718,7/18/2019,22:36,22,LASCIN,NA,1,LASCIN,523
Mulder1_15,20190721,7/21/2019,23:18,23,LASCIN,Noise,1,Noise,523
Mulder1_15,20190721,7/21/2019,23:51,23,LASCIN,NA,1,LASCIN,523
Mulder1_15,20190722,7/23/2019,3:19,3,LASCIN,Noise,1,Noise,523
Mulder1_15,20190716,7/16/2019,22:56,22,LASCIN,NoID,1,NoID,523
Mulder1_15,20190716,7/16/2019,23:26,23,LASNOC,NA,1,LASNOC,523
Mulder1_15,20190721,7/21/2019,22:07,22,LASNOC,NA,1,LASNOC,523
Mulder1_15,20190722,7/22/2019,23:56,23,LASNOC,NA,1,LASNOC,523
Mulder1_15,20190721,7/21/2019,22:24,22,LASNOC,NA,1,LASNOC,523
Mulder1_15,20190716,7/16/2019,22:30,22,NYCHUM,NA,1,NYCHUM,523
Mulder1_15,20190721,7/22/2019,2:53,2,NYCHUM,NA,1,NYCHUM,523
Mulder1_15,20190716,7/17/2019,2:40,2,NYCHUM,NA,1,NYCHUM,523
Mulder1_16,20190721,7/21/2019,22:54,22,EPTFUS,NA,1,EPTFUS,520
Mulder1_16,20190722,7/22/2019,22:58,22,EPTFUS,NA,1,EPTFUS,520
Mulder1_16,20190716,7/16/2019,22:46,22,EPTFUS,NA,1,EPTFUS,520
Mulder1_16,20190722,7/22/2019,23:58,23,LASBOR,NA,1,LASBOR,520
Mulder1_16,20190716,7/16/2019,22:16,22,LASBOR,NoID,1,NoID,520
Mulder1_16,20190721,7/21/2019,22:17,22,LASBOR,NA,1,LASBOR,520
Mulder1_16,20190721,7/22/2019,2:01,2,LASBOR,NA,1,LASBOR,520
Mulder1_16,20190721,7/21/2019,23:48,23,LASBOR,NA,1,LASBOR,520
Mulder1_16,20190721,7/22/2019,3:55,3,LASCIN,NA,1,LASCIN,520
Mulder1_16,20190716,7/17/2019,0:52,0,LASCIN,NA,1,LASCIN,520
Mulder1_16,20190716,7/16/2019,22:56,22,LASCIN,NA,1,LASCIN,520
Mulder1_16,20190721,7/22/2019,3:24,3,LASCIN,NA,1,LASCIN,520
Mulder1_16,20190721,7/21/2019,21:47,21,LASCIN,NA,1,LASCIN,520
Mulder1_16,20190718,7/18/2019,23:03,23,LASCIN,Noise,1,Noise,520
Mulder1_16,20190716,7/17/2019,2:54,2,LASCIN,NA,1,LASCIN,520
Mulder1_16,20190721,7/21/2019,21:47,21,LASCIN,NoID,1,NoID,520
Mulder1_16,20190721,7/22/2019,3:37,3,LASCIN,NoID,1,NoID,520
Mulder1_16,20190722,7/23/2019,0:11,0,LASCIN,NoID,1,NoID,520
Mulder1_16,20190721,7/22/2019,2:54,2,NYCHUM,NA,1,NYCHUM,520
Mulder1_16,20190721,7/22/2019,2:54,2,NYCHUM,NoID,1,NoID,520
Mulder1_17,20190721,7/21/2019,22:28,22,EPTFUS,NA,1,EPTFUS,484
Mulder1_17,20190721,7/21/2019,21:57,21,EPTFUS,NA,1,EPTFUS,484
Mulder1_17,20190721,7/22/2019,3:49,3,EPTFUS,NA,1,EPTFUS,484
Mulder1_17,20190716,7/16/2019,22:55,22,EPTFUS,NA,1,EPTFUS,484
Mulder1_17,20190721,7/21/2019,22:28,22,EPTFUS,NA,1,EPTFUS,484
Mulder1_17,20190721,7/21/2019,23:50,23,EPTFUS,NA,1,EPTFUS,484
Mulder1_17,20190718,7/19/2019,2:55,2,LASBOR,NA,1,LASBOR,484
Mulder1_17,20190721,7/21/2019,23:17,23,LASBOR,NA,1,LASBOR,484
Mulder1_17,20190722,7/23/2019,0:47,0,LASBOR,NA,1,LASBOR,484
Mulder1_17,20190716,7/17/2019,1:49,1,LASCIN,NA,1,LASCIN,484
Mulder1_17,20190721,7/22/2019,1:15,1,LASCIN,NA,1,LASCIN,484
Mulder1_17,20190722,7/22/2019,22:14,22,LASCIN,NoID,1,NoID,484
Mulder1_17,20190716,7/17/2019,0:48,0,LASCIN,NoID,1,NoID,484
Mulder1_17,20190721,7/22/2019,4:20,4,LASCIN,Noise,1,Noise,484
Mulder1_17,20190716,7/16/2019,23:21,23,LASCIN,Noise,1,Noise,484
Mulder1_17,20190721,7/21/2019,22:06,22,LASCIN,NoID,1,NoID,484
Mulder1_17,20190716,7/17/2019,1:49,1,LASCIN,Noise,1,Noise,484
Mulder1_17,20190721,7/21/2019,21:57,21,LASCIN,NoID,1,NoID,484
Mulder1_17,20190716,7/16/2019,22:13,22,LASCIN,Noise,1,Noise,484
Mulder1_17,20190716,7/17/2019,2:09,2,LASCIN,NoID,1,NoID,484
Mulder1_17,20190716,7/16/2019,22:08,22,NYCHUM,NA,1,NYCHUM,484
Mulder1_17,20190721,7/22/2019,3:26,3,NYCHUM,NA,1,NYCHUM,484
Mulder1_17,20190722,7/22/2019,23:32,23,NYCHUM,NoID,1,NoID,484
Mulder1_17,20190716,7/16/2019,22:04,22,NYCHUM,NA,1,NYCHUM,484
Mulder1_17,20190721,7/21/2019,21:42,21,NYCHUM,NA,1,NYCHUM,484
Mulder1_18,20190721,7/21/2019,22:55,22,EPTFUS,NA,1,EPTFUS,432
Mulder1_18,20190721,7/21/2019,22:40,22,EPTFUS,NA,1,EPTFUS,432
Mulder1_18,20190716,7/16/2019,22:54,22,EPTFUS,NA,1,EPTFUS,432
Mulder1_18,20190721,7/22/2019,5:11,5,LASBOR,NA,1,LASBOR,432
Mulder1_18,20190721,7/21/2019,23:01,23,LASBOR,NoID,1,NoID,432
Mulder1_18,20190722,7/22/2019,22:37,22,LASCIN,NA,1,LASCIN,432
Mulder1_18,20190721,7/21/2019,21:57,21,LASCIN,NoID,1,NoID,432
Mulder1_18,20190721,7/22/2019,2:02,2,LASCIN,Noise,1,Noise,432
Mulder1_18,20190722,7/22/2019,23:05,23,LASCIN,NA,1,LASCIN,432
Mulder1_18,20190718,7/18/2019,23:36,23,LASCIN,NA,1,LASCIN,432
Mulder1_18,20190721,7/22/2019,0:34,0,LASCIN,NA,1,LASCIN,432
Mulder1_18,20190722,7/22/2019,23:56,23,LASCIN,NA,1,LASCIN,432
Mulder1_18,20190718,7/18/2019,23:26,23,LASCIN,NA,1,LASCIN,432
Mulder1_18,20190721,7/21/2019,22:26,22,LASCIN,NoID,1,NoID,432
Mulder1_18,20190721,7/22/2019,3:12,3,LASCIN,Noise,1,Noise,432
Mulder1_18,20190721,7/21/2019,22:56,22,LASCIN,NoID,1,NoID,432
Mulder1_18,20190721,7/22/2019,2:20,2,LASCIN,NoID,1,NoID,432
Mulder1_18,20190721,7/22/2019,0:40,0,LASCIN,NA,1,LASCIN,432
Mulder1_18,20190721,7/22/2019,4:20,4,LASCIN,Noise,1,Noise,432
Mulder1_18,20190721,7/21/2019,22:57,22,LASNOC,NA,1,LASNOC,432
Mulder1_18,20190721,7/21/2019,22:23,22,LASNOC,NA,1,LASNOC,432
Mulder1_18,20190721,7/21/2019,23:12,23,LASNOC,NoID,1,NoID,432
Mulder1_18,20190716,7/16/2019,22:10,22,NYCHUM,NA,1,NYCHUM,432
Mulder1_18,20190716,7/17/2019,2:45,2,NYCHUM,NA,1,NYCHUM,432
Mulder1_18,20190716,7/16/2019,21:50,21,NYCHUM,NA,1,NYCHUM,432
Mulder1_18,20190716,7/16/2019,23:38,23,NYCHUM,NA,1,NYCHUM,432
Mulder1_18,20190718,7/19/2019,1:40,1,NYCHUM,NA,1,NYCHUM,432
Mulder1_18,20190718,7/18/2019,23:08,23,NYCHUM,NA,1,NYCHUM,432
Mulder1_18,20190721,7/21/2019,21:29,21,NYCHUM,NA,1,NYCHUM,432
Mulder1_19,20190721,7/21/2019,23:30,23,EPTFUS,NA,1,EPTFUS,418
Mulder1_19,20190721,7/21/2019,23:30,23,EPTFUS,NA,1,EPTFUS,418
Mulder1_19,20190722,7/22/2019,21:41,21,LASBOR,NA,1,LASBOR,418
Mulder1_19,20190718,7/18/2019,23:48,23,LASBOR,NA,1,LASBOR,418
Mulder1_19,20190721,7/21/2019,21:59,21,LASBOR,NA,1,LASBOR,418
Mulder1_19,20190721,7/22/2019,3:54,3,LASBOR,NoID,1,NoID,418
Mulder1_19,20190721,7/21/2019,22:44,22,LASBOR,NA,1,LASBOR,418
Mulder1_19,20190721,7/21/2019,22:17,22,LASBOR,NA,1,LASBOR,418
Mulder1_19,20190716,7/17/2019,1:46,1,LASBOR,NoID,1,NoID,418
Mulder1_19,20190721,7/21/2019,22:53,22,LASCIN,NA,1,LASCIN,418
Mulder1_19,20190721,7/22/2019,2:52,2,LASCIN,NA,1,LASCIN,418
Mulder1_19,20190721,7/22/2019,4:04,4,LASCIN,NA,1,LASCIN,418
Mulder1_19,20190722,7/22/2019,21:47,21,LASCIN,NoID,1,NoID,418
Mulder1_19,20190721,7/21/2019,21:43,21,LASCIN,NA,1,LASCIN,418
Mulder1_19,20190721,7/21/2019,21:58,21,LASCIN,NoID,1,NoID,418
Mulder1_19,20190716,7/17/2019,0:48,0,LASCIN,NoID,1,NoID,418
Mulder1_19,20190721,7/21/2019,21:53,21,LASCIN,Noise,1,Noise,418
Mulder1_19,20190716,7/16/2019,23:26,23,LASNOC,NA,1,LASNOC,418
Mulder1_19,20190721,7/22/2019,1:44,1,LASNOC,NA,1,LASNOC,418
Mulder1_19,20190716,7/16/2019,22:30,22,NYCHUM,NA,1,NYCHUM,418
Mulder1_19,20190722,7/22/2019,23:42,23,NYCHUM,NoID,1,NoID,418
Mulder1_19,20190718,7/19/2019,1:07,1,NYCHUM,NoID,1,NoID,418
Mulder1_20,20190722,7/22/2019,23:56,23,EPTFUS,NA,1,EPTFUS,420
Mulder1_20,20190722,7/22/2019,21:53,21,EPTFUS,NA,1,EPTFUS,420
Mulder1_20,20190721,7/21/2019,23:31,23,EPTFUS,NA,1,EPTFUS,420
Mulder1_20,20190722,7/22/2019,22:55,22,EPTFUS,NA,1,EPTFUS,420
Mulder1_20,20190722,7/22/2019,22:59,22,EPTFUS,NA,1,EPTFUS,420
Mulder1_20,20190718,7/18/2019,22:36,22,EPTFUS,NA,1,EPTFUS,420
Mulder1_20,20190721,7/21/2019,23:30,23,EPTFUS,NA,1,EPTFUS,420
Mulder1_20,20190721,7/21/2019,21:44,21,EPTFUS,NA,1,EPTFUS,420
Mulder1_20,20190716,7/17/2019,0:52,0,EPTFUS,NoID,1,NoID,420
Mulder1_20,20190722,7/22/2019,23:21,23,EPTFUS,NoID,1,NoID,420
Mulder1_20,20190721,7/22/2019,2:34,2,LASBOR,NA,1,LASBOR,420
Mulder1_20,20190721,7/21/2019,21:49,21,LASBOR,NA,1,LASBOR,420
Mulder1_20,20190721,7/22/2019,2:07,2,LASBOR,NA,1,LASBOR,420
Mulder1_20,20190721,7/21/2019,21:54,21,LASCIN,NA,1,LASCIN,420
Mulder1_20,20190721,7/21/2019,21:44,21,LASCIN,NA,1,LASCIN,420
Mulder1_20,20190716,7/16/2019,22:54,22,LASCIN,NA,1,LASCIN,420
Mulder1_20,20190721,7/21/2019,22:38,22,LASCIN,NA,1,LASCIN,420
Mulder1_20,20190721,7/21/2019,23:31,23,LASCIN,NA,1,LASCIN,420
Mulder1_20,20190721,7/21/2019,23:51,23,LASCIN,NA,1,LASCIN,420
Mulder1_20,20190716,7/17/2019,0:52,0,LASCIN,NA,1,LASCIN,420
Mulder1_20,20190721,7/21/2019,22:59,22,LASCIN,NA,1,LASCIN,420
Mulder1_20,20190718,7/18/2019,23:03,23,LASCIN,NA,1,LASCIN,420
Mulder1_20,20190721,7/21/2019,22:28,22,LASCIN,NoID,1,NoID,420
Mulder1_20,20190721,7/22/2019,3:37,3,LASCIN,NoID,1,NoID,420
Mulder1_20,20190721,7/21/2019,21:59,21,LASCIN,NA,1,LASCIN,420
Mulder1_20,20190718,7/18/2019,23:42,23,LASCIN,NoID,1,NoID,420
Mulder1_20,20190716,7/16/2019,22:27,22,NYCHUM,NA,1,NYCHUM,420
Mulder1_20,20190716,7/16/2019,22:16,22,NYCHUM,NA,1,NYCHUM,420
Mulder1_20,20190716,7/16/2019,22:33,22,NYCHUM,NoID,1,NoID,420
Mulder1_20,20190721,7/21/2019,21:42,21,NYCHUM,NoID,1,NoID,420
Mulder1_20,20190721,7/22/2019,0:40,0,NYCHUM,NA,1,NYCHUM,420
Mulder1_21,20190722,7/22/2019,21:52,21,EPTFUS,NA,1,EPTFUS,400
Mulder1_21,20190721,7/22/2019,2:38,2,EPTFUS,NoID,1,NoID,400
Mulder1_21,20190721,7/21/2019,21:45,21,LASBOR,NA,1,LASBOR,400
Mulder1_21,20190721,7/21/2019,21:44,21,LASBOR,NA,1,LASBOR,400
Mulder1_21,20190721,7/22/2019,2:25,2,LASBOR,NA,1,LASBOR,400
Mulder1_21,20190721,7/22/2019,1:54,1,LASBOR,NA,1,LASBOR,400
Mulder1_21,20190721,7/21/2019,22:36,22,LASBOR,NA,1,LASBOR,400
Mulder1_21,20190716,7/16/2019,22:35,22,LASBOR,NoID,1,NoID,400
Mulder1_21,20190721,7/22/2019,1:49,1,LASBOR,NoID,1,NoID,400
Mulder1_21,20190721,7/21/2019,22:22,22,LASBOR,NA,1,LASBOR,400
Mulder1_21,20190721,7/22/2019,2:27,2,LASBOR,NA,1,LASBOR,400
Mulder1_21,20190722,7/22/2019,23:05,23,LASCIN,NA,1,LASCIN,400
Mulder1_21,20190718,7/18/2019,23:35,23,LASCIN,NA,1,LASCIN,400
Mulder1_21,20190721,7/22/2019,4:20,4,LASCIN,Noise,1,Noise,400
Mulder1_21,20190721,7/21/2019,22:28,22,LASCIN,NoID,1,NoID,400
Mulder1_21,20190721,7/22/2019,1:15,1,LASCIN,NoID,1,NoID,400
Mulder1_21,20190721,7/21/2019,23:30,23,LASCIN,NA,1,LASCIN,400
Mulder1_21,20190721,7/22/2019,4:09,4,LASNOC,NA,1,LASNOC,400
Mulder1_21,20190716,7/16/2019,22:17,22,NYCHUM,NA,1,NYCHUM,400
Mulder1_21,20190722,7/22/2019,21:41,21,NYCHUM,NoID,1,NoID,400
Mulder1_21,20190716,7/17/2019,1:16,1,NYCHUM,NoID,1,NoID,400
Mulder1_21,20190721,7/21/2019,22:01,22,NYCHUM,NoID,1,NoID,400
Mulder1_21,20190721,7/22/2019,4:13,4,NYCHUM,NoID,1,NoID,400
Mulder1_22,20190722,7/22/2019,21:52,21,EPTFUS,NA,1,EPTFUS,343
Mulder1_22,20190716,7/16/2019,23:26,23,EPTFUS,NA,1,EPTFUS,343
Mulder1_22,20190721,7/22/2019,0:29,0,EPTFUS,NA,1,EPTFUS,343
Mulder1_22,20190721,7/21/2019,22:07,22,EPTFUS,NA,1,EPTFUS,343
Mulder1_22,20190722,7/22/2019,22:30,22,EPTFUS,NA,1,EPTFUS,343
Mulder1_22,20190721,7/21/2019,22:56,22,EPTFUS,NA,1,EPTFUS,343
Mulder1_22,20190718,7/18/2019,23:09,23,LASBOR,NA,1,LASBOR,343
Mulder1_22,20190721,7/22/2019,1:53,1,LASBOR,NA,1,LASBOR,343
Mulder1_22,20190722,7/22/2019,22:17,22,LASBOR,NA,1,LASBOR,343
Mulder1_22,20190721,7/22/2019,4:13,4,LASBOR,NA,1,LASBOR,343
Mulder1_22,20190721,7/21/2019,22:17,22,LASBOR,NA,1,LASBOR,343
Mulder1_22,20190722,7/22/2019,21:40,21,LASBOR,NoID,1,NoID,343
Mulder1_22,20190716,7/17/2019,2:41,2,LASCIN,Noise,1,Noise,343
Mulder1_22,20190722,7/22/2019,21:46,21,LASCIN,NA,1,LASCIN,343
Mulder1_22,20190722,7/22/2019,23:56,23,LASCIN,Noise,1,Noise,343
Mulder1_22,20190716,7/17/2019,2:41,2,LASCIN,Noise,1,Noise,343
Mulder1_22,20190721,7/22/2019,2:19,2,LASCIN,NA,1,LASCIN,343
Mulder1_22,20190721,7/22/2019,3:12,3,LASCIN,NoID,1,NoID,343
Mulder1_22,20190716,7/17/2019,1:58,1,LASCIN,NoID,1,NoID,343
Mulder1_22,20190716,7/17/2019,0:39,0,LASCIN,NA,1,LASCIN,343
Mulder1_22,20190721,7/21/2019,21:43,21,LASCIN,NA,1,LASCIN,343
Mulder1_22,20190716,7/16/2019,21:46,21,NYCHUM,NoID,1,NoID,343
Mulder1_22,20190716,7/17/2019,1:15,1,NYCHUM,NA,1,NYCHUM,343
Mulder1_22,20190722,7/22/2019,21:41,21,NYCHUM,NA,1,NYCHUM,343
Mulder1_22,20190721,7/22/2019,1:49,1,NYCHUM,NA,1,NYCHUM,343
Mulder1_23,20190721,7/21/2019,22:58,22,EPTFUS,NA,1,EPTFUS,323
Mulder1_23,20190722,7/23/2019,0:05,0,EPTFUS,NA,1,EPTFUS,323
Mulder1_23,20190721,7/21/2019,23:42,23,LASBOR,NA,1,LASBOR,323
Mulder1_23,20190722,7/23/2019,6:32,6,LASCIN,NoID,1,NoID,323
Mulder1_23,20190722,7/23/2019,6:32,6,LASCIN,Noise,1,Noise,323
Mulder1_23,20190722,7/23/2019,6:30,6,LASCIN,Noise,1,Noise,323
Mulder1_23,20190722,7/23/2019,6:32,6,LASCIN,Noise,1,Noise,323
Mulder1_23,20190722,7/23/2019,6:32,6,LASCIN,Noise,1,Noise,323
Mulder1_23,20190722,7/23/2019,6:31,6,LASCIN,Noise,1,Noise,323
Mulder1_23,20190722,7/23/2019,6:32,6,LASCIN,Noise,1,Noise,323
Mulder1_23,20190722,7/23/2019,6:31,6,LASCIN,Noise,1,Noise,323
Mulder1_23,20190722,7/23/2019,6:31,6,LASCIN,Noise,1,Noise,323
Mulder1_23,20190722,7/22/2019,22:37,22,LASCIN,Noise,1,Noise,323
Mulder1_23,20190722,7/23/2019,6:31,6,LASCIN,Noise,1,Noise,323
Mulder1_23,20190722,7/23/2019,6:30,6,LASCIN,Noise,1,Noise,323
Mulder1_23,20190722,7/23/2019,6:30,6,LASCIN,Noise,1,Noise,323
Mulder1_23,20190722,7/23/2019,6:31,6,LASCIN,Noise,1,Noise,323
Mulder1_23,20190722,7/23/2019,6:31,6,LASCIN,Noise,1,Noise,323
Mulder1_23,20190721,7/22/2019,3:36,3,LASCIN,NA,1,LASCIN,323
Mulder1_23,20190722,7/23/2019,6:32,6,LASCIN,Noise,1,Noise,323
Mulder1_23,20190722,7/23/2019,6:30,6,LASCIN,Noise,1,Noise,323
Mulder1_23,20190722,7/23/2019,6:30,6,LASCIN,Noise,1,Noise,323
Mulder1_23,20190722,7/23/2019,6:31,6,LASCIN,NoID,1,NoID,323
Mulder1_23,20190718,7/18/2019,23:02,23,LASCIN,NA,1,LASCIN,323
Mulder1_23,20190722,7/23/2019,3:42,3,LASCIN,Noise,1,Noise,323
Mulder1_23,20190722,7/23/2019,6:20,6,LASCIN,Noise,1,Noise,323
Mulder1_23,20190716,7/17/2019,1:59,1,LASCIN,NoID,1,NoID,323
Mulder1_23,20190721,7/22/2019,2:26,2,LASNOC,NA,1,LASNOC,323
Mulder1_23,20190721,7/21/2019,23:02,23,LASNOC,NA,1,LASNOC,323
Mulder1_23,20190716,7/16/2019,22:16,22,NYCHUM,NA,1,NYCHUM,323
Mulder1_23,20190721,7/21/2019,21:40,21,NYCHUM,NoID,1,NoID,323
Mulder1_23,20190721,7/21/2019,23:18,23,NYCHUM,NA,1,NYCHUM,323
Mulder1_23,20190716,7/17/2019,3:32,3,NYCHUM,NA,1,NYCHUM,323
Mulder1_23,20190716,7/17/2019,2:23,2,NYCHUM,NA,1,NYCHUM,323
Mulder1_23,20190718,7/18/2019,23:26,23,NYCHUM,NA,1,NYCHUM,323
Mulder1_23,20190722,7/23/2019,3:09,3,NYCHUM,NA,1,NYCHUM,323
Mulder1_23,20190716,7/16/2019,22:10,22,NYCHUM,NA,1,NYCHUM,323
Mulder1_23,20190721,7/21/2019,22:21,22,NYCHUM,NoID,1,NoID,323
Mulder1_23,20190721,7/21/2019,21:41,21,NYCHUM,NoID,1,NoID,323
Mulder1_24,20190716,7/16/2019,22:50,22,EPTFUS,NA,1,EPTFUS,321
Mulder1_24,20190721,7/21/2019,23:29,23,EPTFUS,NA,1,EPTFUS,321
Mulder1_24,20190716,7/17/2019,0:52,0,EPTFUS,NA,1,EPTFUS,321
Mulder1_24,20190721,7/22/2019,4:10,4,EPTFUS,NA,1,EPTFUS,321
Mulder1_24,20190722,7/22/2019,22:59,22,EPTFUS,NA,1,EPTFUS,321
Mulder1_24,20190721,7/21/2019,21:37,21,LASBOR,NA,1,LASBOR,321
Mulder1_24,20190721,7/22/2019,1:44,1,LASBOR,NA,1,LASBOR,321
Mulder1_24,20190721,7/21/2019,22:59,22,LASBOR,NA,1,LASBOR,321
Mulder1_24,20190722,7/22/2019,23:02,23,LASBOR,NA,1,LASBOR,321
Mulder1_24,20190722,7/23/2019,2:53,2,LASBOR,NA,1,LASBOR,321
Mulder1_24,20190722,7/22/2019,20:24,20,LASCIN,NoID,1,NoID,321
Mulder1_24,20190722,7/22/2019,20:22,20,LASCIN,NoID,1,NoID,321
Mulder1_24,20190722,7/22/2019,20:29,20,LASCIN,Noise,1,Noise,321
Mulder1_24,20190722,7/22/2019,20:28,20,LASCIN,Noise,1,Noise,321
Mulder1_24,20190722,7/22/2019,20:26,20,LASCIN,Noise,1,Noise,321
Mulder1_24,20190722,7/22/2019,20:25,20,LASCIN,Noise,1,Noise,321
Mulder1_24,20190722,7/23/2019,6:43,6,LASCIN,Noise,1,Noise,321
Mulder1_24,20190722,7/22/2019,20:22,20,LASCIN,Noise,1,Noise,321
Mulder1_24,20190722,7/22/2019,20:26,20,LASCIN,Noise,1,Noise,321
Mulder1_24,20190722,7/22/2019,20:26,20,LASCIN,Noise,1,Noise,321
Mulder1_24,20190722,7/22/2019,20:22,20,LASCIN,Noise,1,Noise,321
Mulder1_24,20190722,7/22/2019,20:26,20,LASCIN,Noise,1,Noise,321
Mulder1_24,20190722,7/22/2019,20:27,20,LASCIN,Noise,1,Noise,321
Mulder1_24,20190722,7/22/2019,20:27,20,LASCIN,Noise,1,Noise,321
Mulder1_24,20190722,7/22/2019,20:23,20,LASCIN,Noise,1,Noise,321
Mulder1_24,20190722,7/22/2019,20:28,20,LASCIN,Noise,1,Noise,321
Mulder1_24,20190722,7/22/2019,20:24,20,LASCIN,Noise,1,Noise,321
Mulder1_24,20190722,7/22/2019,20:28,20,LASCIN,Noise,1,Noise,321
Mulder1_24,20190722,7/22/2019,20:25,20,LASCIN,Noise,1,Noise,321
Mulder1_24,20190722,7/22/2019,20:23,20,LASCIN,Noise,1,Noise,321
Mulder1_24,20190722,7/22/2019,20:22,20,LASCIN,Noise,1,Noise,321
Mulder1_24,20190722,7/23/2019,6:42,6,LASCIN,Noise,1,Noise,321
Mulder1_24,20190722,7/22/2019,20:28,20,LASCIN,Noise,1,Noise,321
Mulder1_24,20190722,7/22/2019,20:22,20,LASCIN,Noise,1,Noise,321
Mulder1_24,20190722,7/22/2019,20:29,20,LASCIN,Noise,1,Noise,321
Mulder1_24,20190722,7/22/2019,20:23,20,LASCIN,Noise,1,Noise,321
Mulder1_24,20190722,7/22/2019,20:25,20,LASCIN,Noise,1,Noise,321
Mulder1_24,20190722,7/22/2019,20:24,20,LASCIN,Noise,1,Noise,321
Mulder1_24,20190722,7/22/2019,20:27,20,LASCIN,Noise,1,Noise,321
Mulder1_24,20190722,7/23/2019,6:22,6,LASCIN,Noise,1,Noise,321
Mulder1_24,20190722,7/22/2019,20:25,20,LASCIN,Noise,1,Noise,321
Mulder1_24,20190722,7/23/2019,6:43,6,LASCIN,Noise,1,Noise,321
Mulder1_24,20190722,7/22/2019,20:24,20,LASCIN,Noise,1,Noise,321
Mulder1_24,20190716,7/17/2019,0:27,0,LASCIN,NA,1,LASCIN,321
Mulder1_24,20190722,7/22/2019,20:23,20,LASCIN,Noise,1,Noise,321
Mulder1_24,20190722,7/22/2019,20:27,20,LASCIN,Noise,1,Noise,321
Mulder1_24,20190722,7/22/2019,20:28,20,LASCIN,Noise,1,Noise,321
Mulder1_24,20190722,7/22/2019,20:26,20,LASCIN,Noise,1,Noise,321
Mulder1_24,20190722,7/23/2019,6:22,6,LASCIN,Noise,1,Noise,321
Mulder1_24,20190722,7/22/2019,20:23,20,LASCIN,Noise,1,Noise,321
Mulder1_24,20190722,7/22/2019,20:27,20,LASCIN,Noise,1,Noise,321
Mulder1_24,20190722,7/22/2019,20:23,20,LASCIN,Noise,1,Noise,321
Mulder1_24,20190722,7/23/2019,6:42,6,LASCIN,Noise,1,Noise,321
Mulder1_24,20190722,7/22/2019,20:22,20,LASCIN,Noise,1,Noise,321
Mulder1_24,20190722,7/22/2019,20:24,20,LASCIN,Noise,1,Noise,321
Mulder1_24,20190722,7/23/2019,6:22,6,LASCIN,Noise,1,Noise,321
Mulder1_24,20190722,7/22/2019,20:25,20,LASCIN,Noise,1,Noise,321
Mulder1_24,20190722,7/22/2019,20:25,20,LASCIN,Noise,1,Noise,321
Mulder1_24,20190722,7/22/2019,20:24,20,LASCIN,Noise,1,Noise,321
Mulder1_24,20190722,7/23/2019,6:22,6,LASCIN,Noise,1,Noise,321
Mulder1_24,20190722,7/22/2019,20:27,20,LASCIN,Noise,1,Noise,321
Mulder1_24,20190722,7/22/2019,20:22,20,LASCIN,Noise,1,Noise,321
Mulder1_24,20190722,7/22/2019,23:06,23,LASCIN,Noise,1,Noise,321
Mulder1_24,20190721,7/21/2019,21:57,21,LASCIN,NA,1,LASCIN,321
Mulder1_24,20190721,7/22/2019,4:04,4,LASCIN,NoID,1,NoID,321
Mulder1_24,20190716,7/17/2019,2:38,2,LASCIN,NoID,1,NoID,321
Mulder1_24,20190721,7/21/2019,22:37,22,LASCIN,Noise,1,Noise,321
Mulder1_24,20190721,7/21/2019,22:12,22,LASCIN,Noise,1,Noise,321
Mulder1_24,20190718,7/18/2019,23:03,23,LASCIN,NoID,1,NoID,321
Mulder1_24,20190716,7/17/2019,1:47,1,LASCIN,NoID,1,NoID,321
Mulder1_24,20190721,7/22/2019,2:27,2,LASNOC,NA,1,LASNOC,321
Mulder1_24,20190721,7/22/2019,0:19,0,LASNOC,NA,1,LASNOC,321
Mulder1_24,20190716,7/16/2019,23:08,23,NYCHUM,NA,1,NYCHUM,321
Mulder1_24,20190721,7/21/2019,21:46,21,NYCHUM,NA,1,NYCHUM,321
Mulder1_24,20190721,7/21/2019,21:46,21,NYCHUM,NA,1,NYCHUM,321
Mulder1_24,20190716,7/16/2019,22:27,22,NYCHUM,NA,1,NYCHUM,321
Mulder1_24,20190716,7/17/2019,3:31,3,NYCHUM,NA,1,NYCHUM,321
Mulder1_24,20190722,7/22/2019,22:39,22,NYCHUM,NoID,1,NoID,321
